x,y,z,label
0.0,0.0,0.009999990463256836,3
0.01000000536441803,0.0,0.0,3
0.0,0.0,0.0,3
0.0,0.0,0.0,3
0.0,0.0,0.0,3
0.01000000536441803,0.0,0.0,3
0.0,0.0,0.0,3
0.0,0.0,-0.010000050067901611,3
0.0,0.0,0.0,3
0.01000000536441803,0.0,0.0,3
0.0,0.0,0.0,3
0.0,0.0,0.0,3
0.0,0.0,0.0,3
0.0,0.0,0.0,3
0.01000000536441803,0.0,0.0,3
0.0,0.0,0.0,3
0.0,0.0,0.0,3
0.0,0.0,0.0,3
0.0,0.0,0.0,3
0.0,0.0,0.0,3
0.0,-0.009999990463256836,0.0,3
0.0,0.0,0.0,3
0.0,0.0,0.0,3
0.0,0.0,0.0,3
0.0,0.010000050067901611,0.0,3
0.01000000536441803,-0.009999990463256836,-0.010000050067901611,3
-0.01000000536441803,-0.009999990463256836,-0.010000050067901611,3
-0.01000000536441803,0.0,0.0,3
-0.01000000536441803,0.010000050067901611,0.0,3
-0.01000000536441803,0.0,-0.010000050067901611,3
0.0,0.0,0.0,3
-0.01000000536441803,0.010000050067901611,0.0,3
-0.01000000536441803,0.010000050067901611,0.009999990463256836,3
-0.01000000536441803,-0.009999990463256836,0.009999990463256836,3
-0.019999995827674866,0.0,0.0,3
-0.01000000536441803,0.010000050067901611,0.009999990463256836,3
-0.019999995827674866,0.010000050067901611,0.0,3
-0.019999995827674866,0.0,0.0,3
-0.019999995827674866,0.010000050067901611,0.0,3
-0.019999995827674866,0.010000050067901611,0.0,3
-0.019999995827674866,0.0,-0.010000050067901611,3
-0.030000001192092896,0.010000050067901611,0.0,3
-0.019999995827674866,0.010000050067901611,0.0,3
-0.019999995827674866,0.0,0.0,3
-0.019999995827674866,0.010000050067901611,0.0,3
-0.030000001192092896,0.0,0.0,3
-0.019999995827674866,0.010000050067901611,0.0,3
-0.030000001192092896,0.0,0.0,3
-0.019999995827674866,0.010000050067901611,0.0,3
-0.019999995827674866,0.010000050067901611,0.0,3
-0.030000001192092896,0.010000050067901611,0.0,3
-0.019999995827674866,0.010000050067901611,0.0,3
-0.019999995827674866,0.0,0.009999990463256836,3
-0.030000001192092896,0.010000050067901611,0.009999990463256836,3
-0.019999995827674866,0.010000050067901611,0.0,3
-0.030000001192092896,0.010000050067901611,0.009999990463256836,3
-0.019999995827674866,0.010000050067901611,0.0,3
-0.019999995827674866,0.0,0.0,3
-0.019999995827674866,0.010000050067901611,0.0,3
-0.019999995827674866,0.010000050067901611,0.0,3
-0.019999995827674866,-0.009999990463256836,0.0,3
-0.019999995827674866,0.0,-0.010000050067901611,3
-0.030000001192092896,0.0,0.0,3
-0.019999995827674866,-0.009999990463256836,0.0,3
-0.019999995827674866,0.0,-0.010000050067901611,3
-0.019999995827674866,0.0,-0.010000050067901611,3
-0.019999995827674866,0.0,0.0,3
-0.019999995827674866,0.0,0.0,3
-0.019999995827674866,0.0,0.0,3
-0.030000001192092896,0.0,0.0,3
-0.019999995827674866,0.010000050067901611,0.009999990463256836,3
-0.019999995827674866,0.0,0.0,3
-0.019999995827674866,0.010000050067901611,0.0,3
-0.01000000536441803,0.010000050067901611,0.009999990463256836,3
-0.019999995827674866,0.010000050067901611,0.0,3
-0.07000000029802322,-0.029999971389770508,-0.010000050067901611,3
-0.019999995827674866,-0.039999961853027344,0.0,3
-0.06000000238418579,0.020000040531158447,0.0,3
0.019999995827674866,-0.009999990463256836,0.039999961853027344,3
0.030000001192092896,-0.019999980926513672,-0.020000040531158447,3
0.01000000536441803,-0.06999999284744263,-0.030000030994415283,3
-0.05000000447034836,0.010000050067901611,-0.050000011920928955,3
-0.040000006556510925,-0.039999961853027344,-0.030000030994415283,3
-0.030000001192092896,0.020000040531158447,-0.020000040531158447,3
-0.040000006556510925,-0.009999990463256836,-0.010000050067901611,3
-0.019999995827674866,-0.009999990463256836,-0.010000050067901611,3
-0.030000001192092896,-0.009999990463256836,-0.010000050067901611,3
-0.019999995827674866,0.0,0.0,3
-0.019999995827674866,0.0,0.0,3
-0.019999995827674866,0.020000040531158447,0.0,3
-0.019999995827674866,-0.019999980926513672,-0.020000040531158447,3
-0.019999995827674866,0.010000050067901611,-0.010000050067901611,3
-0.030000001192092896,-0.009999990463256836,0.009999990463256836,3
-0.01000000536441803,0.010000050067901611,0.009999990463256836,3
-0.019999995827674866,0.0,0.009999990463256836,3
-0.019999995827674866,0.0,0.0,3
-0.01000000536441803,-0.009999990463256836,0.0,3
-0.019999995827674866,0.010000050067901611,-0.010000050067901611,3
-0.1400000024586916,-0.039999961853027344,-0.08000004291534424,3
-0.12000000104308128,0.030000030994415283,-0.030000030994415283,3
-0.01000000536441803,-0.009999990463256836,0.0,3
0.030000001192092896,0.050000011920928955,-0.050000011920928955,3
0.030000001192092896,-0.06999999284744263,-0.010000050067901611,3
0.01000000536441803,-0.04999995231628418,0.0,3
0.08999998867511749,-0.04999995231628418,-0.010000050067901611,3
0.07999999821186066,-0.04999995231628418,-0.010000050067901611,3
0.03999999165534973,-0.029999971389770508,-0.15000003576278687,3
0.03999999165534973,-0.10999995470046997,-0.09000003337860107,3
0.10000000894069672,-0.09999996423721313,-0.04000002145767212,3
0.1600000113248825,-0.07999998331069946,-0.050000011920928955,3
0.14000000059604645,-0.12999999523162842,-0.06000000238418579,3
0.10000000894069672,-0.1899999976158142,-0.09000003337860107,3
0.1600000113248825,-0.04999995231628418,-0.0700000524520874,3
0.07999999821186066,-0.06999999284744263,-0.04000002145767212,3
0.17000000178813934,-0.15999996662139893,-0.010000050067901611,3
0.26000000536441803,-0.029999971389770508,0.06999999284744263,3
0.23000000417232513,-0.0899999737739563,-0.11000001430511475,3
0.03999999165534973,-0.059999942779541016,-0.08000004291534424,3
0.14999999105930328,-0.029999971389770508,-0.04000002145767212,3
0.1600000113248825,-0.26999998092651367,-0.11000001430511475,3
0.2499999850988388,-0.1899999976158142,-0.09000003337860107,3
0.23999999463558197,-0.09999996423721313,-0.010000050067901611,3
0.3800000101327896,-0.37999996542930603,0.06000000238418579,3
0.2900000065565109,-0.28999996185302734,0.31999996304512024,3
0.1300000101327896,-0.09999996423721313,0.13999998569488525,3
0.20000000298023224,0.3200000524520874,-0.23000001907348633,3
0.3200000077486038,-0.34999996423721313,-0.08000004291534424,3
0.2900000065565109,-0.20999997854232788,0.029999971389770508,3
0.29999999701976776,-0.15999996662139893,-0.11000001430511475,3
0.3200000077486038,-0.19999998807907104,0.019999980926513672,3
0.26000000536441803,-0.07999998331069946,-0.020000040531158447,3
0.2799999862909317,-0.09999996423721313,0.009999990463256836,3
0.26999999582767487,-0.1199999451637268,0.019999980926513672,3
0.23999999463558197,-0.0899999737739563,0.019999980926513672,3
0.2199999839067459,-0.07999998331069946,0.019999980926513672,3
0.20000000298023224,-0.06999999284744263,-0.010000050067901611,3
0.11999998986721039,-0.1199999451637268,-0.0700000524520874,3
0.1600000113248825,-0.0899999737739563,-0.0700000524520874,3
0.10000000894069672,0.030000030994415283,-0.21000003814697266,3
0.1300000101327896,-0.1499999761581421,-0.11000001430511475,3
0.06000000238418579,-0.04999995231628418,-0.09000003337860107,3
-0.030000001192092896,-0.15999996662139893,-0.12000000476837158,3
0.17000000178813934,0.0,-0.12000000476837158,3
0.01000000536441803,-0.32999998331069946,-0.10000002384185791,3
0.10999999940395355,-0.029999971389770508,-0.020000040531158447,3
0.019999995827674866,-0.25,0.009999990463256836,3
0.06999999284744263,-0.059999942779541016,-0.2600000500679016,3
0.06999999284744263,-0.22999995946884155,-0.14000004529953003,3
0.019999995827674866,-0.32999998331069946,-0.14000004529953003,3
-0.05000000447034836,-0.04999995231628418,-0.2800000309944153,3
-0.10000000149011612,-0.1499999761581421,-0.4100000262260437,4
0.08999998867511749,-0.32999998331069946,-0.1600000262260437,4
-0.05000000447034836,-0.4999999701976776,-0.1300000548362732,4
-0.07000000029802322,0.0,-0.39000004529953003,4
-0.07999999821186066,-0.32999998331069946,-0.15000003576278687,4
-0.05000000447034836,-0.34999996423721313,-0.11000001430511475,4
0.10000000894069672,-0.04999995231628418,-0.08000004291534424,4
0.019999995827674866,-0.2799999713897705,-0.0700000524520874,4
0.04999999701976776,-0.28999996185302734,-0.09000003337860107,4
0.06000000238418579,-0.25999999046325684,-0.3200000524520874,4
0.14000000059604645,-0.20999997854232788,-0.04000002145767212,4
0.1900000125169754,-0.34999996423721313,-0.020000040531158447,4
0.2799999862909317,-0.20999997854232788,0.07999998331069946,4
0.14999999105930328,0.1600000262260437,0.23999997973442078,4
0.3399999886751175,0.09000003337860107,0.04999995231628418,4
0.3999999910593033,-0.719999972730875,0.06000000238418579,4
0.9899999648332596,0.7300000190734863,1.4699999690055847,4
0.4699999839067459,0.0,0.7999999672174454,4
0.3999999910593033,-0.15999996662139893,0.0899999737739563,4
0.4599999934434891,-0.04999995231628418,0.21999996900558472,4
0.4099999815225601,0.030000030994415283,-0.06000000238418579,4
0.32999999821186066,-0.10999995470046997,0.0,4
0.1600000113248825,-0.10999995470046997,0.13999998569488525,4
0.32999999821186066,-0.22999995946884155,-0.0700000524520874,4
0.23000000417232513,-0.28999996185302734,-0.020000040531158447,4
0.20000000298023224,-0.039999961853027344,0.1499999761581421,4
0.17999999225139618,0.14000004529953003,0.16999998688697815,4
0.10999999940395355,0.0700000524520874,0.15999996662139893,4
0.2799999862909317,0.21000003814697266,0.3699999749660492,4
0.26999999582767487,-0.019999980926513672,0.3399999737739563,4
0.29999999701976776,0.19000005722045898,0.1499999761581421,4
0.10000000894069672,0.0700000524520874,0.009999990463256836,4
0.3700000196695328,-0.16999995708465576,-0.020000040531158447,4
0.23000000417232513,-0.1499999761581421,-0.04000002145767212,4
0.019999995827674866,0.030000030994415283,0.06999999284744263,4
0.04999999701976776,0.25999999046325684,0.2499999701976776,4
-0.12000000104308128,0.15000003576278687,0.26999998092651367,4
0.04999999701976776,0.31000006198883057,0.20999997854232788,4
0.10999999940395355,-0.1799999475479126,0.10999998450279236,4
0.030000001192092896,0.12000000476837158,0.1199999749660492,4
-0.07999999821186066,-0.009999990463256836,0.07999998331069946,4
0.06000000238418579,0.0,-0.020000040531158447,4
0.01000000536441803,-0.029999971389770508,0.0,4
-0.13000000268220901,-0.15999996662139893,0.1199999749660492,4
-0.07000000029802322,0.4700000286102295,0.07999998331069946,4
-0.07999999821186066,0.06000000238418579,0.3099999725818634,4
-0.13000000268220901,0.25,0.18999996781349182,4
-0.17000000178813934,0.1300000548362732,0.19999998807907104,4
-0.12000000104308128,0.21000003814697266,0.35999996960163116,4
-0.030000001192092896,0.23000001907348633,0.3799999803304672,4
-0.030000001192092896,0.2799999713897705,0.4599999785423279,4
-0.17000000178813934,0.23000001907348633,0.18999996781349182,4
-0.17000000178813934,0.11000001430511475,0.3099999725818634,4
-0.17000000178813934,0.23000001907348633,0.28999996185302734,4
-0.21000000089406967,0.25,0.3399999737739563,4
-0.1400000024586916,0.14000004529953003,0.17999997735023499,4
-0.07999999821186066,0.09000003337860107,0.0899999737739563,4
-0.019999995827674866,0.0,0.06999999284744263,4
0.0,0.1600000262260437,0.09999996423721313,4
-0.030000001192092896,0.010000050067901611,0.04999995231628418,4
0.03999999165534973,0.010000050067901611,-0.020000040531158447,4
0.03999999165534973,0.050000011920928955,-0.030000030994415283,4
0.03999999165534973,-0.10999995470046997,-0.0700000524520874,4
0.04999999701976776,0.08000004291534424,-0.04000002145767212,4
0.14000000059604645,-0.31999996304512024,0.019999980926513672,4
0.08999998867511749,0.3799999952316284,-0.020000040531158447,4
0.20000000298023224,-0.16999995708465576,0.17999997735023499,4
0.10000000894069672,-0.029999971389770508,0.13999998569488525,4
0.29999999701976776,0.020000040531158447,-0.14000004529953003,4
0.32999999821186066,-0.0899999737739563,0.09999996423721313,4
0.29999999701976776,0.04000002145767212,0.09999996423721313,4
0.20000000298023224,-0.1499999761581421,0.06000000238418579,4
0.3700000196695328,0.10000002384185791,0.07999998331069946,4
0.3399999886751175,0.010000050067901611,0.29999998211860657,4
0.26000000536441803,0.010000050067901611,0.26999998092651367,4
0.2799999862909317,-0.06999999284744263,0.17999997735023499,4
0.1300000101327896,0.020000040531158447,-0.08000004291534424,4
0.29999999701976776,-0.12999999523162842,0.06000000238418579,4
0.23000000417232513,-0.039999961853027344,0.12999996542930603,4
0.26000000536441803,-0.06999999284744263,0.10999998450279236,4
0.17000000178813934,-0.039999961853027344,0.10999998450279236,4
0.20000000298023224,0.0700000524520874,0.06000000238418579,4
0.14999999105930328,0.04000002145767212,0.1199999749660492,4
0.0,-0.009999990463256836,-0.04000002145767212,4
0.17000000178813934,0.020000040531158447,0.1499999761581421,4
0.08999998867511749,0.0700000524520874,0.06999999284744263,4
0.08999998867511749,0.21000003814697266,0.3799999803304672,4
-0.040000006556510925,0.11000001430511475,-0.050000011920928955,4
0.26999999582767487,-0.059999942779541016,-0.11000001430511475,4
0.17999999225139618,-0.0899999737739563,0.06999999284744263,4
-0.10000000149011612,-0.039999961853027344,0.06000000238418579,4
0.03999999165534973,0.26999998092651367,0.20999997854232788,4
0.26000000536441803,0.19000005722045898,0.429999977350235,4
0.11999998986721039,0.11000001430511475,0.32999998331069946,4
-0.040000006556510925,0.06000000238418579,0.2499999701976776,4
0.06999999284744263,0.18000000715255737,0.18999996781349182,4
-0.030000001192092896,0.14000004529953003,0.10999998450279236,4
0.2199999839067459,-0.34999996423721313,0.26999998092651367,4
-0.2000000011175871,0.1300000548362732,0.12999996542930603,4
0.11999998986721039,0.2200000286102295,0.4399999678134918,4
0.14999999105930328,0.14000004529953003,0.28999996185302734,4
-0.01000000536441803,0.050000011920928955,0.3699999749660492,4
0.23999999463558197,0.19000005722045898,0.3399999737739563,4
0.3099999874830246,0.25999999046325684,0.019999980926513672,4
0.019999995827674866,-0.039999961853027344,0.15999996662139893,4
-0.2000000011175871,0.010000050067901611,0.12999996542930603,4
0.23999999463558197,0.050000011920928955,0.3099999725818634,4
0.030000001192092896,0.11000001430511475,0.3799999803304672,4
-0.17000000178813934,0.09000003337860107,0.3099999725818634,4
-0.030000001192092896,0.20000004768371582,0.13999998569488525,4
0.14000000059604645,0.09000003337860107,0.019999980926513672,4
-0.17000000178813934,-0.06999999284744263,0.21999996900558472,4
0.030000001192092896,0.5400000810623169,0.3699999749660492,4
0.14000000059604645,0.36000001430511475,0.3799999803304672,4
-0.040000006556510925,0.050000011920928955,0.3999999761581421,4
-0.16000000201165676,0.0700000524520874,0.32999998331069946,4
0.08999998867511749,0.17000001668930054,-0.06000000238418579,4
0.0,-0.07999998331069946,0.06000000238418579,4
-0.12000000104308128,-0.009999990463256836,0.04999995231628418,4
0.06000000238418579,0.5500000715255737,0.2799999713897705,4
-0.019999995827674866,0.0700000524520874,0.3699999749660492,4
-0.10000000149011612,0.6000000238418579,0.09999996423721313,4
-0.5599999874830246,-1.0299999713897705,0.7499999701976776,4
1.1800000220537186,-0.3699999749660492,2.5799999833106995,4
-0.5199999958276749,1.4900000095367432,1.8399999737739563,4
-0.7700000256299973,-4.319999933242798,1.8699999451637268,4
-0.11000000312924385,3.2100000381469727,1.9100000262260437,4
-0.7499999850988388,-0.9999999701976776,4.300000011920929,4
-0.9299999922513962,-2.6100000143051147,4.35999995470047,4
-1.2999999970197678,3.2100000381469727,-1.5299999117851257,4
0.20999999344348907,-2.809999942779541,3.1999998688697815,4
0.3800000101327896,-1.5399999618530273,1.7399999499320984,4
-0.13000000268220901,-1.659999966621399,-3.0600001215934753,4
0.10999999940395355,-0.8499999716877937,1.8999999165534973,4
-0.24000000208616257,-1.2399999797344208,1.0599999725818634,4
-0.23000000044703484,0.25,-0.3200000524520874,4
-0.12000000104308128,-0.15999996662139893,-0.11000001430511475,4
-0.35999999940395355,-0.0899999737739563,-0.10000002384185791,4
-0.16000000201165676,0.04000002145767212,0.19999998807907104,4
-0.019999995827674866,0.24000000953674316,0.19999998807907104,4
-0.040000006556510925,0.09000003337860107,-0.020000040531158447,4
-0.07000000029802322,0.17000001668930054,0.13999998569488525,4
0.1900000125169754,0.030000030994415283,-0.010000050067901611,4
0.0,-0.19999998807907104,-0.0700000524520874,4
-0.24000000208616257,-0.16999995708465576,-0.15000003576278687,4
0.06999999284744263,0.2200000286102295,0.1199999749660492,4
0.01000000536441803,0.1300000548362732,0.23999997973442078,4
-0.01000000536441803,0.11000001430511475,0.21999996900558472,4
-0.040000006556510925,0.050000011920928955,0.18999996781349182,4
-0.09000000357627869,0.10000002384185791,0.15999996662139893,4
0.06000000238418579,0.030000030994415283,-0.04000002145767212,4
-0.05000000447034836,-0.09999996423721313,-0.09000003337860107,4
-0.05000000447034836,-0.1499999761581421,0.06000000238418579,4
0.03999999165534973,0.14000004529953003,0.17999997735023499,4
0.01000000536441803,0.21000003814697266,0.23999997973442078,4
-0.040000006556510925,0.06000000238418579,0.28999996185302734,4
-0.16000000201165676,-0.009999990463256836,-0.010000050067901611,4
-0.040000006556510925,-0.07999998331069946,0.10999998450279236,4
0.10999999940395355,-0.15999996662139893,-0.2200000286102295,4
-0.23000000044703484,0.0,0.16999998688697815,4
-0.06000000238418579,0.11000001430511475,0.3699999749660492,4
0.03999999165534973,0.18000000715255737,0.09999996423721313,4
-0.10000000149011612,-0.07999998331069946,0.17999997735023499,4
-0.17000000178813934,0.30000007152557373,0.2499999701976776,4
0.26000000536441803,0.25,-0.06000000238418579,4
-0.1900000013411045,-0.0899999737739563,-0.020000040531158447,4
-0.24000000208616257,0.0,-0.010000050067901611,4
0.2499999850988388,0.06000000238418579,0.13999998569488525,4
-0.030000001192092896,-0.029999971389770508,0.28999996185302734,4
-0.17000000178813934,0.020000040531158447,0.09999996423721313,4
0.030000001192092896,0.18000000715255737,-0.1899999976158142,4
-0.030000001192092896,-0.1499999761581421,0.009999990463256836,4
-0.2000000011175871,0.19000005722045898,0.06999999284744263,4
0.10999999940395355,0.0,0.07999998331069946,4
-0.019999995827674866,0.030000030994415283,0.32999998331069946,4
-0.24000000208616257,0.08000004291534424,-0.17000001668930054,4
0.1300000101327896,0.10000002384185791,-0.10000002384185791,4
-0.11000000312924385,-0.26999998092651367,0.06000000238418579,4
-0.25,0.050000011920928955,-0.030000030994415283,4
0.1300000101327896,0.09000003337860107,0.04999995231628418,4
-0.09000000357627869,0.030000030994415283,0.25999996066093445,4
-0.2800000011920929,-0.009999990463256836,0.07999998331069946,4
-0.10000000149011612,0.15000003576278687,-0.17000001668930054,4
0.06000000238418579,-0.1799999475479126,0.07999998331069946,4
-0.28999999910593033,-0.1799999475479126,0.0,4
-0.15000000223517418,0.3200000524520874,-0.11000001430511475,4
0.04999999701976776,0.020000040531158447,0.25999996066093445,4
-0.25,-0.009999990463256836,0.19999998807907104,4
-0.05000000447034836,0.24000000953674316,-0.10000002384185791,4
0.06000000238418579,-0.059999942779541016,-0.14000004529953003,4
-0.28999999910593033,-0.22999995946884155,0.029999971389770508,4
-0.05000000447034836,0.43000006675720215,-0.030000030994415283,4
0.06000000238418579,0.19000005722045898,0.32999998331069946,4
-0.16000000201165676,0.0,0.25999996066093445,4
-0.07999999821186066,0.010000050067901611,0.34999997913837433,4
0.04999999701976776,0.3400000333786011,-0.14000004529953003,4
-0.13000000268220901,-0.1199999451637268,0.039999961853027344,4
-0.3799999952316284,-0.13999998569488525,0.039999961853027344,4
0.07999999821186066,0.5500000715255737,0.23999997973442078,4
0.03999999165534973,0.030000030994415283,0.29999998211860657,4
-0.18000000156462193,0.17000001668930054,0.28999996185302734,4
-0.15000000223517418,0.19000005722045898,0.44999997317790985,4
0.03999999165534973,0.3200000524520874,0.0899999737739563,4
-0.12000000104308128,-0.04999995231628418,0.1499999761581421,4
-0.3200000077486038,0.11000001430511475,0.0899999737739563,4
0.10000000894069672,0.14000004529953003,0.3699999749660492,4
-0.07999999821186066,0.09000003337860107,0.29999998211860657,4
-0.2200000025331974,0.12000000476837158,0.34999997913837433,4
0.0,0.14000004529953003,-0.1899999976158142,4
-0.01000000536441803,-0.039999961853027344,0.13999998569488525,4
-0.3200000077486038,0.04000002145767212,0.09999996423721313,4
0.20999999344348907,0.17000001668930054,0.0899999737739563,4
-0.09000000357627869,-0.059999942779541016,0.31999996304512024,4
0.06999999284744263,0.14000004529953003,0.1499999761581421,4
0.1600000113248825,0.25,-0.050000011920928955,4
-0.10000000149011612,-0.21999996900558472,0.15999996662139893,4
-0.09000000357627869,0.17000001668930054,0.04999995231628418,4
0.17999999225139618,0.26999998092651367,0.17999997735023499,4
-0.10000000149011612,-0.039999961853027344,0.31999996304512024,4
-0.23000000044703484,0.15000003576278687,-0.27000004053115845,4
0.17999999225139618,0.12000000476837158,-0.0700000524520874,4
-0.28999999910593033,-0.19999998807907104,0.06999999284744263,4
-0.040000006556510925,0.49000000953674316,-0.020000040531158447,4
0.17999999225139618,0.24000000953674316,0.25999996066093445,4
-0.13000000268220901,-0.019999980926513672,0.16999998688697815,4
-0.17000000178813934,0.09000003337860107,-0.11000001430511475,4
-0.01000000536441803,-0.009999990463256836,-0.050000011920928955,4
-0.18000000156462193,-0.2399999499320984,0.039999961853027344,4
-0.13000000268220901,0.5700000524520874,0.25999996066093445,4
0.06999999284744263,0.11000001430511475,0.2799999713897705,4
-0.07999999821186066,0.030000030994415283,0.3399999737739563,4
-0.09000000357627869,0.0,0.35999996960163116,4
-0.13000000268220901,0.21000003814697266,0.1499999761581421,4
-0.019999995827674866,0.17000001668930054,0.04999995231628418,4
-0.07999999821186066,-0.1799999475479126,0.12999996542930603,4
-0.12000000104308128,0.36000001430511475,0.23999997973442078,4
-0.07999999821186066,0.08000004291534424,0.34999997913837433,4
0.01000000536441803,0.08000004291534424,0.38999997079372406,4
-0.07999999821186066,0.050000011920928955,0.22999995946884155,4
-0.040000006556510925,0.15000003576278687,0.3999999761581421,4
0.2499999850988388,0.2200000286102295,-0.14000004529953003,4
-0.23000000044703484,-0.15999996662139893,0.0899999737739563,4
-0.10000000149011612,0.6800000667572021,0.13999998569488525,4
0.20999999344348907,0.1600000262260437,0.17999997735023499,4
-0.01000000536441803,-0.009999990463256836,0.3099999725818634,4
-0.2800000011920929,0.1300000548362732,0.21999996900558472,4
-0.1400000024586916,0.30000007152557373,0.039999961853027344,4
0.08999998867511749,-0.009999990463256836,0.16999998688697815,4
-0.1900000013411045,-0.12999999523162842,0.10999998450279236,4
-0.17000000178813934,0.3700000047683716,0.0899999737739563,4
0.04999999701976776,0.3799999952316284,0.18999996781349182,4
-0.10000000149011612,-0.029999971389770508,0.31999996304512024,4
-0.26000000536441803,0.17000001668930054,0.13999998569488525,4
-0.019999995827674866,0.23000001907348633,-0.0700000524520874,4
0.06000000238418579,-0.13999998569488525,0.0899999737739563,4
-0.27000000327825546,-0.1899999976158142,0.039999961853027344,4
-0.05000000447034836,0.3799999952316284,0.06000000238418579,4
0.03999999165534973,0.030000030994415283,0.18999996781349182,4
-0.17000000178813934,0.020000040531158447,0.23999997973442078,4
-0.10000000149011612,0.14000004529953003,-0.08000004291534424,4
0.1300000101327896,0.15000003576278687,-0.1600000262260437,4
-0.1900000013411045,-0.19999998807907104,0.07999998331069946,4
-0.09000000357627869,0.20000004768371582,0.029999971389770508,4
0.11999998986721039,0.25999999046325684,0.009999990463256836,4
-0.10000000149011612,-0.009999990463256836,0.26999998092651367,4
-0.2000000011175871,0.050000011920928955,0.1499999761581421,4
0.2199999839067459,0.17000001668930054,-0.20000004768371582,4
-0.06000000238418579,-0.09999996423721313,0.0,4
-0.17000000178813934,-0.32999998331069946,0.07999998331069946,4
0.08999998867511749,0.4500000476837158,-0.33000004291534424,4
0.030000001192092896,0.030000030994415283,0.16999998688697815,4
0.030000001192092896,-0.1199999451637268,0.04999995231628418,4
-0.1400000024586916,0.020000040531158447,-0.30000001192092896,4
0.1300000101327896,-0.29999998211860657,-0.14000004529953003,4
-0.07999999821186066,-0.37999996542930603,-0.030000030994415283,4
0.20000000298023224,0.2799999713897705,-0.030000030994415283,4
0.1600000113248825,0.030000030994415283,0.17999997735023499,4
-0.06000000238418579,0.0,0.13999998569488525,4
0.1900000125169754,0.1300000548362732,-0.30000001192092896,4
0.01000000536441803,-0.16999995708465576,-0.050000011920928955,4
-0.12000000104308128,-0.4099999666213989,-0.04000002145767212,4
0.17000000178813934,0.17000001668930054,-0.14000004529953003,4
-0.07000000029802322,-0.04999995231628418,0.19999998807907104,4
-0.05000000447034836,-0.029999971389770508,0.1499999761581421,4
-0.15000000223517418,-0.039999961853027344,-0.2600000500679016,4
0.14000000059604645,-0.29999998211860657,-0.20000004768371582,4
0.06000000238418579,-0.16999995708465576,-0.17000001668930054,4
-0.12000000104308128,-0.2399999499320984,-0.14000004529953003,4
-0.05000000447034836,-0.12999999523162842,-0.17000001668930054,4
-0.01000000536441803,0.06000000238418579,-0.11000001430511475,4
0.0,-0.09999996423721313,0.10999998450279236,3
-0.15000000223517418,-0.009999990463256836,-0.15000003576278687,3
-0.07999999821186066,0.08000004291534424,-0.010000050067901611,3
-0.12000000104308128,0.050000011920928955,0.019999980926513672,3
-0.019999995827674866,-0.009999990463256836,-0.050000011920928955,3
-0.07999999821186066,0.030000030994415283,0.0,3
-0.12000000104308128,-0.0899999737739563,-0.0700000524520874,3
-0.13000000268220901,0.06000000238418579,-0.050000011920928955,3
-0.15000000223517418,-0.1499999761581421,-0.15000003576278687,3
-0.09000000357627869,-0.1799999475479126,-0.12000000476837158,3
-0.09000000357627869,0.06000000238418579,-0.12000000476837158,3
-0.11000000312924385,-0.059999942779541016,-0.010000050067901611,3
-0.09000000357627869,-0.019999980926513672,-0.050000011920928955,3
-0.07000000029802322,0.020000040531158447,0.029999971389770508,3
-0.15000000223517418,0.04000002145767212,-0.06000000238418579,3
-0.09000000357627869,0.010000050067901611,0.009999990463256836,3
-0.12000000104308128,0.020000040531158447,0.009999990463256836,3
-0.1400000024586916,0.030000030994415283,0.0,3
-0.13000000268220901,0.030000030994415283,0.019999980926513672,3
-0.1400000024586916,0.030000030994415283,0.019999980926513672,3
-0.1400000024586916,0.030000030994415283,0.009999990463256836,3
-0.13000000268220901,0.020000040531158447,0.009999990463256836,3
-0.1400000024586916,0.04000002145767212,0.009999990463256836,3
-0.15000000223517418,0.020000040531158447,0.009999990463256836,3
-0.15000000223517418,0.030000030994415283,0.009999990463256836,3
-0.15000000223517418,0.020000040531158447,0.0,3
-0.15000000223517418,0.030000030994415283,0.009999990463256836,3
-0.15000000223517418,0.020000040531158447,0.019999980926513672,3
-0.15000000223517418,0.030000030994415283,0.029999971389770508,3
-0.15000000223517418,0.04000002145767212,0.019999980926513672,3
-0.16000000201165676,0.04000002145767212,0.009999990463256836,3
-0.1400000024586916,0.06000000238418579,0.04999995231628418,3
-0.1400000024586916,0.020000040531158447,0.029999971389770508,3
-0.16000000201165676,0.050000011920928955,0.009999990463256836,3
-0.16000000201165676,0.030000030994415283,0.019999980926513672,3
-0.15000000223517418,0.030000030994415283,0.019999980926513672,3
-0.15000000223517418,0.030000030994415283,0.009999990463256836,3
-0.1400000024586916,0.04000002145767212,0.009999990463256836,3
-0.11000000312924385,0.020000040531158447,0.039999961853027344,3
-0.16000000201165676,0.020000040531158447,-0.030000030994415283,3
-0.1400000024586916,-0.019999980926513672,0.039999961853027344,3
-0.16000000201165676,0.04000002145767212,0.0,3
-0.15000000223517418,0.030000030994415283,0.029999971389770508,3
-0.15000000223517418,0.04000002145767212,0.029999971389770508,3
-0.15000000223517418,0.020000040531158447,0.019999980926513672,3
-0.15000000223517418,0.04000002145767212,0.019999980926513672,3
-0.1400000024586916,0.020000040531158447,0.029999971389770508,3
-0.15000000223517418,0.04000002145767212,0.029999971389770508,3
-0.15000000223517418,0.04000002145767212,0.029999971389770508,3
-0.15000000223517418,0.04000002145767212,0.04999995231628418,3
-0.1400000024586916,0.04000002145767212,0.029999971389770508,3
-0.1400000024586916,0.050000011920928955,0.04999995231628418,3
-0.16000000201165676,0.04000002145767212,0.009999990463256836,3
-0.16000000201165676,0.04000002145767212,0.019999980926513672,3
-0.12000000104308128,0.04000002145767212,0.04999995231628418,3
-0.17000000178813934,0.0700000524520874,0.019999980926513672,3
-0.15000000223517418,0.050000011920928955,0.04999995231628418,3
-0.12000000104308128,0.04000002145767212,0.019999980926513672,3
-0.1400000024586916,0.020000040531158447,0.019999980926513672,3
-0.16000000201165676,0.030000030994415283,0.009999990463256836,3
-0.12000000104308128,0.050000011920928955,0.06000000238418579,3
-0.17000000178813934,0.06000000238418579,0.009999990463256836,3
-0.17000000178813934,0.04000002145767212,0.039999961853027344,3
-0.16000000201165676,0.04000002145767212,0.029999971389770508,3
-0.17000000178813934,0.0700000524520874,0.019999980926513672,3
-0.18000000156462193,0.010000050067901611,0.019999980926513672,3
-0.17000000178813934,0.010000050067901611,0.04999995231628418,3
-0.1900000013411045,0.050000011920928955,0.009999990463256836,3
-0.2000000011175871,0.050000011920928955,0.029999971389770508,3
-0.16000000201165676,-0.019999980926513672,0.04999995231628418,3
-0.18000000156462193,0.08000004291534424,-0.020000040531158447,3
-0.16000000201165676,0.010000050067901611,0.019999980926513672,3
-0.17000000178813934,0.04000002145767212,0.029999971389770508,3
-0.17000000178813934,0.06000000238418579,0.019999980926513672,3
-0.1400000024586916,0.030000030994415283,0.039999961853027344,3
-0.17000000178813934,0.050000011920928955,0.029999971389770508,3
-0.17000000178813934,0.06000000238418579,0.019999980926513672,3
-0.17000000178813934,0.020000040531158447,0.019999980926513672,3
-0.17000000178813934,0.030000030994415283,0.009999990463256836,3
-0.17000000178813934,0.030000030994415283,0.009999990463256836,3
-0.16000000201165676,0.010000050067901611,0.009999990463256836,4
-0.16000000201165676,0.020000040531158447,0.0,4
-0.16000000201165676,0.020000040531158447,0.009999990463256836,4
-0.16000000201165676,0.020000040531158447,0.0,4
-0.16000000201165676,0.020000040531158447,0.0,4
-0.16000000201165676,0.020000040531158447,0.0,4
-0.16000000201165676,0.020000040531158447,0.0,4
-0.16000000201165676,0.010000050067901611,0.0,4
-0.1400000024586916,0.030000030994415283,0.019999980926513672,4
-0.16000000201165676,0.020000040531158447,0.029999971389770508,4
-0.15000000223517418,0.030000030994415283,0.019999980926513672,4
-0.1400000024586916,0.020000040531158447,0.019999980926513672,4
-0.15000000223517418,0.0,0.0,4
-0.16000000201165676,0.030000030994415283,0.039999961853027344,4
-0.15000000223517418,0.04000002145767212,0.039999961853027344,4
-0.18000000156462193,0.1600000262260437,0.09999996423721313,4
-0.2000000011175871,0.04000002145767212,0.0,4
-0.17000000178813934,-0.07999998331069946,-0.030000030994415283,4
-0.2200000025331974,0.04000002145767212,-0.0700000524520874,4
-0.28999999910593033,-0.3999999761581421,0.07999998331069946,4
-0.29999999701976776,0.5400000810623169,0.15999996662139893,4
0.11999998986721039,0.12000000476837158,0.26999998092651367,4
0.01000000536441803,0.11000001430511475,0.29999998211860657,4
-0.13000000268220901,0.11000001430511475,0.32999998331069946,4
-0.13000000268220901,0.030000030994415283,0.039999961853027344,4
0.20000000298023224,0.08000004291534424,-0.1899999976158142,4
-0.13000000268220901,-0.25999999046325684,-0.030000030994415283,4
-0.26000000536441803,-0.34999996423721313,-0.17000001668930054,4
0.10000000894069672,0.17000001668930054,0.09999996423721313,4
0.10000000894069672,0.010000050067901611,0.3099999725818634,4
-0.13000000268220901,0.18000000715255737,0.1499999761581421,4
-0.25,-0.19999998807907104,-0.3700000047683716,4
0.3099999874830246,0.08000004291534424,-0.2800000309944153,4
0.08999998867511749,-0.29999998211860657,-0.09000003337860107,4
0.10000000894069672,-0.3099999725818634,0.039999961853027344,4
-0.030000001192092896,0.1600000262260437,-0.06000000238418579,4
-0.01000000536441803,0.06000000238418579,0.2499999701976776,4
-0.26000000536441803,-0.06999999284744263,-0.3100000023841858,4
-0.01000000536441803,-0.19999998807907104,-0.21000003814697266,4
0.49000002443790436,-0.22999995946884155,-0.21000003814697266,4
0.10000000894069672,-0.35999998450279236,-0.17000001668930054,4
-0.01000000536441803,-0.22999995946884155,-0.050000011920928955,4
0.0,-0.009999990463256836,-0.17000001668930054,4
0.08999998867511749,-0.13999998569488525,-0.010000050067901611,4
0.06000000238418579,0.15000003576278687,0.13999998569488525,4
-0.1400000024586916,0.04000002145767212,-0.020000040531158447,4
0.14000000059604645,0.08000004291534424,-0.2200000286102295,4
0.11999998986721039,-0.15999996662139893,0.029999971389770508,4
-0.23000000044703484,-0.21999996900558472,0.039999961853027344,4
-0.18000000156462193,0.5,-0.30000001192092896,4
0.14999999105930328,0.050000011920928955,0.19999998807907104,4
-0.019999995827674866,0.12000000476837158,0.26999998092651367,4
-0.2200000025331974,-0.13999998569488525,-0.24000000953674316,4
0.10999999940395355,0.06000000238418579,-0.14000004529953003,4
0.03999999165534973,-0.21999996900558472,-0.06000000238418579,4
-0.17000000178813934,-0.2799999713897705,0.009999990463256836,4
-0.11000000312924385,0.36000001430511475,-0.3400000333786011,4
0.10000000894069672,0.1600000262260437,-0.020000040531158447,4
0.01000000536441803,0.020000040531158447,0.28999996185302734,4
-0.11000000312924385,0.0,0.17999997735023499,4
-0.18000000156462193,0.04000002145767212,-0.2600000500679016,4
0.2499999850988388,-0.10999995470046997,-0.18000000715255737,4
-0.10000000149011612,-0.2799999713897705,-0.0700000524520874,4
-0.06000000238418579,-0.019999980926513672,-0.1300000548362732,4
-0.06000000238418579,-0.10999995470046997,-0.09000003337860107,4
-0.040000006556510925,0.08000004291534424,0.10999998450279236,4
-0.030000001192092896,0.020000040531158447,0.31999996304512024,4
-0.29999999701976776,0.010000050067901611,-0.15000003576278687,4
-0.18000000156462193,-0.1199999451637268,-0.1300000548362732,4
0.26999999582767487,-0.0899999737739563,-0.20000004768371582,4
-0.01000000536441803,-0.29999998211860657,-0.030000030994415283,3
0.06000000238418579,-0.2399999499320984,-0.10000002384185791,3
0.019999995827674866,-0.07999998331069946,-0.0700000524520874,3
0.10000000894069672,-0.029999971389770508,-0.020000040531158447,3
-0.07000000029802322,0.1300000548362732,0.06999999284744263,3
-0.07000000029802322,-0.029999971389770508,0.09999996423721313,3
-0.18000000156462193,-0.039999961853027344,-0.06000000238418579,3
-0.10000000149011612,0.010000050067901611,-0.030000030994415283,3
-0.040000006556510925,-0.009999990463256836,0.029999971389770508,3
-0.05000000447034836,0.020000040531158447,-0.030000030994415283,3
-0.10000000149011612,0.08000004291534424,0.04999995231628418,3
0.01000000536441803,-0.029999971389770508,0.029999971389770508,3
-0.040000006556510925,0.06000000238418579,0.039999961853027344,3
-0.07999999821186066,0.030000030994415283,0.10999998450279236,3
-0.12000000104308128,0.010000050067901611,0.04999995231628418,3
-0.09000000357627869,0.12000000476837158,0.06999999284744263,3
-0.10000000149011612,0.050000011920928955,0.06999999284744263,3
-0.10000000149011612,0.06000000238418579,0.06000000238418579,3
-0.13000000268220901,0.050000011920928955,0.04999995231628418,3
-0.11000000312924385,0.010000050067901611,0.04999995231628418,3
-0.13000000268220901,0.08000004291534424,0.07999998331069946,3
-0.11000000312924385,0.15000003576278687,0.04999995231628418,3
-0.11000000312924385,0.06000000238418579,0.1199999749660492,3
-0.1400000024586916,0.08000004291534424,0.09999996423721313,3
-0.11000000312924385,0.06000000238418579,0.09999996423721313,3
-0.15000000223517418,0.12000000476837158,0.12999996542930603,3
-0.16000000201165676,0.12000000476837158,0.1499999761581421,3
-0.15000000223517418,0.12000000476837158,0.1199999749660492,3
-0.16000000201165676,0.09000003337860107,0.15999996662139893,3
-0.17000000178813934,0.12000000476837158,0.1499999761581421,3
-0.17000000178813934,0.11000001430511475,0.12999996542930603,3
-0.17000000178813934,0.10000002384185791,0.13999998569488525,3
-0.1400000024586916,0.10000002384185791,0.13999998569488525,3
-0.17000000178813934,0.10000002384185791,0.13999998569488525,3
-0.17000000178813934,0.11000001430511475,0.15999996662139893,3
-0.18000000156462193,0.1300000548362732,0.15999996662139893,3
-0.18000000156462193,0.12000000476837158,0.16999998688697815,3
-0.18000000156462193,0.10000002384185791,0.15999996662139893,3
-0.18000000156462193,0.1300000548362732,0.15999996662139893,3
-0.18000000156462193,0.1300000548362732,0.16999998688697815,3
-0.18000000156462193,0.10000002384185791,0.15999996662139893,3
-0.18000000156462193,0.11000001430511475,0.16999998688697815,3
-0.17000000178813934,0.1300000548362732,0.17999997735023499,3
-0.18000000156462193,0.14000004529953003,0.17999997735023499,3
-0.1900000013411045,0.12000000476837158,0.13999998569488525,3
-0.18000000156462193,0.10000002384185791,0.15999996662139893,3
-0.1900000013411045,0.11000001430511475,0.13999998569488525,3
-0.1900000013411045,0.11000001430511475,0.15999996662139893,3
-0.18000000156462193,0.11000001430511475,0.12999996542930603,3
-0.18000000156462193,0.09000003337860107,0.13999998569488525,3
-0.1900000013411045,0.11000001430511475,0.12999996542930603,3
-0.2000000011175871,0.12000000476837158,0.12999996542930603,3
-0.17000000178813934,0.06000000238418579,0.12999996542930603,3
-0.21000000089406967,0.12000000476837158,0.09999996423721313,3
-0.1900000013411045,0.0700000524520874,0.0899999737739563,3
-0.18000000156462193,0.09000003337860107,0.09999996423721313,3
-0.17000000178813934,0.0700000524520874,0.0899999737739563,3
-0.1900000013411045,0.09000003337860107,0.07999998331069946,3
-0.1900000013411045,0.08000004291534424,0.07999998331069946,3
-0.1900000013411045,0.050000011920928955,0.06999999284744263,3
-0.18000000156462193,0.09000003337860107,0.06999999284744263,3
-0.1900000013411045,0.04000002145767212,0.06999999284744263,3
-0.2000000011175871,0.06000000238418579,0.04999995231628418,3
-0.1900000013411045,0.050000011920928955,0.04999995231628418,3
-0.18000000156462193,0.050000011920928955,0.06000000238418579,3
-0.2000000011175871,0.0700000524520874,0.04999995231628418,3
-0.2000000011175871,0.050000011920928955,0.06000000238418579,3
-0.1900000013411045,0.06000000238418579,0.04999995231628418,3
-0.1900000013411045,0.06000000238418579,0.06000000238418579,3
-0.2000000011175871,0.0700000524520874,0.04999995231628418,3
-0.2000000011175871,0.050000011920928955,0.06000000238418579,3
-0.2000000011175871,0.06000000238418579,0.04999995231628418,3
-0.2000000011175871,0.050000011920928955,0.06000000238418579,3
-0.1900000013411045,0.050000011920928955,0.06000000238418579,3
-0.2000000011175871,0.06000000238418579,0.06000000238418579,3
-0.1900000013411045,0.050000011920928955,0.06000000238418579,3
-0.1900000013411045,0.06000000238418579,0.039999961853027344,3
-0.1900000013411045,0.04000002145767212,0.039999961853027344,3
-0.2000000011175871,0.0700000524520874,0.039999961853027344,3
-0.1900000013411045,0.06000000238418579,0.04999995231628418,3
-0.1900000013411045,0.050000011920928955,0.04999995231628418,3
-0.2000000011175871,0.050000011920928955,0.039999961853027344,3
-0.2000000011175871,0.050000011920928955,0.039999961853027344,3
-0.2000000011175871,0.050000011920928955,0.039999961853027344,3
-0.1900000013411045,0.06000000238418579,0.029999971389770508,3
-0.1900000013411045,0.050000011920928955,0.039999961853027344,3
-0.21000000089406967,0.050000011920928955,0.04999995231628418,3
-0.2000000011175871,0.050000011920928955,0.06000000238418579,3
-0.2000000011175871,0.04000002145767212,0.039999961853027344,3
-0.2000000011175871,0.0700000524520874,0.04999995231628418,3
-0.1900000013411045,0.06000000238418579,0.039999961853027344,3
-0.17000000178813934,0.020000040531158447,0.06000000238418579,3
-0.21000000089406967,0.10000002384185791,0.009999990463256836,3
-0.2000000011175871,0.06000000238418579,0.06000000238418579,3
-0.17000000178813934,0.06000000238418579,0.06000000238418579,3
-0.17000000178813934,0.050000011920928955,0.0899999737739563,3
-0.17000000178813934,0.0700000524520874,0.06999999284744263,3
-0.1900000013411045,0.08000004291534424,0.06000000238418579,3
-0.18000000156462193,0.0700000524520874,0.0899999737739563,3
-0.18000000156462193,0.0700000524520874,0.06999999284744263,3
-0.17000000178813934,0.0700000524520874,0.07999998331069946,3
-0.18000000156462193,0.0700000524520874,0.06000000238418579,3
-0.1900000013411045,0.0700000524520874,0.06000000238418579,3
-0.18000000156462193,0.0700000524520874,0.06000000238418579,3
-0.18000000156462193,0.06000000238418579,0.06999999284744263,3
-0.18000000156462193,0.0700000524520874,0.06000000238418579,3
-0.18000000156462193,0.0700000524520874,0.06999999284744263,3
-0.1900000013411045,0.08000004291534424,0.06000000238418579,3
-0.1900000013411045,0.0700000524520874,0.06999999284744263,3
-0.18000000156462193,0.0700000524520874,0.06999999284744263,3
-0.18000000156462193,0.0700000524520874,0.07999998331069946,3
-0.18000000156462193,0.08000004291534424,0.07999998331069946,3
-0.18000000156462193,0.08000004291534424,0.07999998331069946,3
-0.18000000156462193,0.0700000524520874,0.07999998331069946,3
-0.18000000156462193,0.08000004291534424,0.07999998331069946,3
-0.18000000156462193,0.08000004291534424,0.07999998331069946,3
-0.18000000156462193,0.0700000524520874,0.0899999737739563,3
-0.17000000178813934,0.08000004291534424,0.07999998331069946,3
-0.17000000178813934,0.08000004291534424,0.07999998331069946,3
-0.17000000178813934,0.0700000524520874,0.07999998331069946,3
-0.17000000178813934,0.08000004291534424,0.07999998331069946,3
-0.17000000178813934,0.0700000524520874,0.07999998331069946,3
-0.17000000178813934,0.0700000524520874,0.07999998331069946,3
-0.18000000156462193,0.06000000238418579,0.06999999284744263,3
-0.17000000178813934,0.08000004291534424,0.07999998331069946,3
-0.17000000178813934,0.0700000524520874,0.07999998331069946,3
-0.17000000178813934,0.0700000524520874,0.07999998331069946,3
-0.17000000178813934,0.08000004291534424,0.07999998331069946,3
-0.17000000178813934,0.0700000524520874,0.07999998331069946,3
-0.17000000178813934,0.0700000524520874,0.07999998331069946,3
-0.18000000156462193,0.08000004291534424,0.07999998331069946,3
-0.1900000013411045,0.08000004291534424,0.07999998331069946,3
-0.17000000178813934,0.06000000238418579,0.07999998331069946,3
-0.2000000011175871,0.0700000524520874,0.06999999284744263,3
-0.1900000013411045,0.08000004291534424,0.029999971389770508,3
-0.17000000178813934,0.08000004291534424,0.06999999284744263,3
-0.1400000024586916,0.050000011920928955,0.009999990463256836,3
-0.1400000024586916,-0.009999990463256836,-0.030000030994415283,3
-0.17000000178813934,-0.019999980926513672,-0.04000002145767212,3
-0.12000000104308128,-0.019999980926513672,0.0,3
-0.09000000357627869,0.09000003337860107,0.06999999284744263,3
-0.12000000104308128,0.0700000524520874,0.09999996423721313,3
-0.11000000312924385,0.04000002145767212,0.039999961853027344,3
-0.15000000223517418,0.050000011920928955,0.07999998331069946,3
-0.06000000238418579,0.0,-0.020000040531158447,3
-0.06000000238418579,0.0700000524520874,0.06999999284744263,3
-0.10000000149011612,0.020000040531158447,0.029999971389770508,3
-0.10000000149011612,0.030000030994415283,0.039999961853027344,3
-0.09000000357627869,0.06000000238418579,0.04999995231628418,3
-0.07999999821186066,0.10000002384185791,0.06999999284744263,3
-0.07999999821186066,0.06000000238418579,0.06000000238418579,3
-0.1400000024586916,0.020000040531158447,0.019999980926513672,3
-0.12000000104308128,0.10000002384185791,0.0899999737739563,3
-0.12000000104308128,0.04000002145767212,0.09999996423721313,3
-0.09000000357627869,0.08000004291534424,0.07999998331069946,3
-0.15000000223517418,0.08000004291534424,0.0899999737739563,3
-0.16000000201165676,0.0700000524520874,0.06999999284744263,3
-0.17000000178813934,0.06000000238418579,0.06999999284744263,3
-0.16000000201165676,0.0700000524520874,0.07999998331069946,3
-0.16000000201165676,0.0700000524520874,0.06999999284744263,3
-0.17000000178813934,0.0700000524520874,0.07999998331069946,4
-0.17000000178813934,0.06000000238418579,0.06000000238418579,4
-0.16000000201165676,0.06000000238418579,0.06000000238418579,4
-0.16000000201165676,0.06000000238418579,0.06000000238418579,4
-0.17000000178813934,0.030000030994415283,0.04999995231628418,4
-0.17000000178813934,0.0700000524520874,0.04999995231628418,4
-0.17000000178813934,0.06000000238418579,0.07999998331069946,4
-0.16000000201165676,0.050000011920928955,0.06999999284744263,4
-0.17000000178813934,0.0700000524520874,0.06999999284744263,4
-0.17000000178813934,0.06000000238418579,0.06000000238418579,4
-0.17000000178813934,0.08000004291534424,0.04999995231628418,4
-0.16000000201165676,0.09000003337860107,0.06000000238418579,4
-0.16000000201165676,0.050000011920928955,0.029999971389770508,4
-0.16000000201165676,0.04000002145767212,0.07999998331069946,4
-0.16000000201165676,0.04000002145767212,0.019999980926513672,4
-0.12000000104308128,0.06000000238418579,0.06000000238418579,4
-0.1400000024586916,-0.019999980926513672,0.0,4
-0.019999995827674866,0.09000003337860107,0.0899999737739563,4
-0.030000001192092896,0.010000050067901611,0.06000000238418579,4
-0.040000006556510925,-0.019999980926513672,0.06000000238418579,4
-0.01000000536441803,0.10000002384185791,0.019999980926513672,4
-0.06000000238418579,0.020000040531158447,-0.010000050067901611,4
-0.030000001192092896,0.050000011920928955,0.0899999737739563,4
-0.07000000029802322,-0.029999971389770508,0.029999971389770508,4
-0.05000000447034836,0.030000030994415283,-0.04000002145767212,4
-0.030000001192092896,-0.029999971389770508,0.039999961853027344,4
0.06000000238418579,0.14000004529953003,0.17999997735023499,4
-0.040000006556510925,0.1300000548362732,0.07999998331069946,4
0.0,-0.029999971389770508,0.09999996423721313,4
-0.07000000029802322,0.23000001907348633,0.10999998450279236,4
0.03999999165534973,0.14000004529953003,0.429999977350235,4
-0.17000000178813934,0.19000005722045898,0.20999997854232788,4
-0.15000000223517418,0.08000004291534424,0.009999990463256836,4
0.14000000059604645,0.050000011920928955,0.019999980926513672,4
-0.07000000029802322,-0.10999995470046997,0.019999980926513672,4
-0.28999999910593033,-0.07999998331069946,0.0899999737739563,4
-0.09000000357627869,0.5299999713897705,0.21999996900558472,4
0.10000000894069672,0.3700000047683716,0.3099999725818634,4
0.019999995827674866,-0.029999971389770508,0.4399999678134918,4
-0.07000000029802322,0.11000001430511475,0.3699999749660492,4
-0.17000000178813934,0.23000001907348633,0.13999998569488525,4
0.019999995827674866,0.14000004529953003,0.039999961853027344,4
-0.040000006556510925,0.0700000524520874,0.039999961853027344,4
-0.16000000201165676,-0.28999996185302734,0.10999998450279236,4
-0.17000000178813934,0.4100000858306885,0.20999997854232788,4
-0.1900000013411045,0.15000003576278687,0.28999996185302734,4
-0.24000000208616257,0.0700000524520874,0.2799999713897705,4
-0.2000000011175871,0.2799999713897705,0.21999996900558472,4
-0.17000000178813934,0.1300000548362732,0.32999998331069946,4
-0.040000006556510925,0.23000001907348633,0.47999997437000275,4
-0.12000000104308128,0.26999998092651367,0.3799999803304672,2
-0.030000001192092896,0.0700000524520874,0.4399999678134918,2
-0.019999995827674866,0.14000004529953003,0.4099999666213989,2
-0.10000000149011612,0.24000000953674316,0.34999997913837433,2
-0.11000000312924385,0.21000003814697266,0.31999996304512024,2
-0.10000000149011612,0.1600000262260437,0.35999996960163116,2
-0.11000000312924385,0.20000004768371582,0.3699999749660492,2
-0.10000000149011612,0.1300000548362732,0.31999996304512024,2
-0.10000000149011612,0.18000000715255737,0.3399999737739563,2
-0.13000000268220901,0.20000004768371582,0.2499999701976776,2
-0.10000000149011612,0.10000002384185791,0.25999996066093445,2
-0.11000000312924385,0.12000000476837158,0.18999996781349182,2
-0.15000000223517418,0.0,0.1199999749660492,2
-0.18000000156462193,0.050000011920928955,0.1499999761581421,2
-0.2000000011175871,0.3200000524520874,0.17999997735023499,2
-0.15000000223517418,0.19000005722045898,0.28999996185302734,2
-0.13000000268220901,0.09000003337860107,0.28999996185302734,2
-0.1400000024586916,0.14000004529953003,0.26999998092651367,2
-0.15000000223517418,0.1600000262260437,0.25999996066093445,2
-0.17000000178813934,0.12000000476837158,0.23999997973442078,2
-0.21000000089406967,0.11000001430511475,0.21999996900558472,2
-0.23000000044703484,0.08000004291534424,0.22999995946884155,2
-0.4000000059604645,0.10000002384185791,0.1499999761581421,2
-0.5599999874830246,0.050000011920928955,0.12999996542930603,2
-0.5599999874830246,0.050000011920928955,0.12999996542930603,2
-0.5899999886751175,-0.039999961853027344,0.12999996542930603,2
-0.6600000113248825,-0.07999998331069946,0.12999996542930603,2
-0.7100000232458115,-0.039999961853027344,0.15999996662139893,2
-0.7200000137090683,-0.059999942779541016,0.16999998688697815,2
-0.9200000017881393,-0.1199999451637268,0.15999996662139893,2
-0.8799999803304672,-0.12999999523162842,0.22999995946884155,2
-0.8500000089406967,-0.19999998807907104,0.23999997973442078,2
-0.8699999898672104,-0.1199999451637268,0.23999997973442078,2
-0.8699999898672104,-0.1499999761581421,0.2499999701976776,2
-0.8699999898672104,-0.1899999976158142,0.25999996066093445,2
-0.8699999898672104,-0.16999995708465576,0.26999998092651367,2
-0.8799999803304672,-0.1799999475479126,0.22999995946884155,2
-0.9000000208616257,-0.16999995708465576,0.2499999701976776,2
-0.8900000303983688,-0.16999995708465576,0.2499999701976776,2
-0.8799999803304672,-0.16999995708465576,0.23999997973442078,2
-0.8900000303983688,-0.16999995708465576,0.23999997973442078,2
-0.8799999803304672,-0.1799999475479126,0.21999996900558472,2
-0.8699999898672104,-0.16999995708465576,0.22999995946884155,2
-0.8799999803304672,-0.1799999475479126,0.23999997973442078,2
-0.8799999803304672,-0.1799999475479126,0.2499999701976776,2
-0.8799999803304672,-0.1899999976158142,0.2499999701976776,2
-0.8900000303983688,-0.1899999976158142,0.23999997973442078,2
-0.8900000303983688,-0.1799999475479126,0.23999997973442078,2
-0.8900000303983688,-0.1899999976158142,0.23999997973442078,2
-0.8900000303983688,-0.1799999475479126,0.2499999701976776,2
-0.8900000303983688,-0.1799999475479126,0.22999995946884155,2
-0.8900000303983688,-0.1799999475479126,0.2499999701976776,2
-0.8900000303983688,-0.1899999976158142,0.23999997973442078,2
-0.8900000303983688,-0.1799999475479126,0.2499999701976776,2
-0.8900000303983688,-0.1899999976158142,0.25999996066093445,2
-0.8900000303983688,-0.1799999475479126,0.2499999701976776,2
-0.9000000208616257,-0.20999997854232788,0.23999997973442078,2
-0.8799999803304672,-0.1899999976158142,0.23999997973442078,2
-0.8900000303983688,-0.1799999475479126,0.23999997973442078,2
-0.8799999803304672,-0.1899999976158142,0.26999998092651367,2
-0.8900000303983688,-0.20999997854232788,0.2499999701976776,2
-0.9000000208616257,-0.1899999976158142,0.25999996066093445,2
-0.9000000208616257,-0.1899999976158142,0.25999996066093445,2
-0.9000000208616257,-0.1899999976158142,0.23999997973442078,2
-0.8900000303983688,-0.19999998807907104,0.25999996066093445,2
-0.9000000208616257,-0.19999998807907104,0.23999997973442078,2
-0.9000000208616257,-0.19999998807907104,0.26999998092651367,2
-0.9000000208616257,-0.1899999976158142,0.26999998092651367,2
-0.9000000208616257,-0.20999997854232788,0.26999998092651367,2
-0.9000000208616257,-0.1899999976158142,0.26999998092651367,2
-0.9100000113248825,-0.19999998807907104,0.2799999713897705,2
-0.9100000113248825,-0.19999998807907104,0.25999996066093445,2
-0.9000000208616257,-0.19999998807907104,0.26999998092651367,2
-0.9100000113248825,-0.19999998807907104,0.2799999713897705,2
-0.9100000113248825,-0.19999998807907104,0.2799999713897705,2
-0.9100000113248825,-0.1899999976158142,0.2799999713897705,2
-0.9100000113248825,-0.1899999976158142,0.26999998092651367,2
-0.9100000113248825,-0.19999998807907104,0.2799999713897705,2
-0.9100000113248825,-0.19999998807907104,0.2799999713897705,2
-0.9100000113248825,-0.19999998807907104,0.2799999713897705,2
-0.9100000113248825,-0.19999998807907104,0.26999998092651367,2
-0.9100000113248825,-0.19999998807907104,0.26999998092651367,2
-0.9100000113248825,-0.19999998807907104,0.26999998092651367,2
-0.9100000113248825,-0.19999998807907104,0.28999996185302734,2
-0.9100000113248825,-0.1899999976158142,0.26999998092651367,2
-0.9100000113248825,-0.1899999976158142,0.2799999713897705,2
-0.9100000113248825,-0.1899999976158142,0.2799999713897705,2
-0.9100000113248825,-0.19999998807907104,0.2799999713897705,2
-0.9000000208616257,-0.1899999976158142,0.28999996185302734,2
-0.9000000208616257,-0.1799999475479126,0.26999998092651367,2
-0.9100000113248825,-0.19999998807907104,0.26999998092651367,2
-0.9100000113248825,-0.1899999976158142,0.2799999713897705,2
-0.9100000113248825,-0.19999998807907104,0.28999996185302734,2
-0.9100000113248825,-0.1899999976158142,0.2799999713897705,2
-0.9100000113248825,-0.1899999976158142,0.2799999713897705,2
-0.9100000113248825,-0.20999997854232788,0.29999998211860657,2
-0.9100000113248825,-0.1899999976158142,0.2799999713897705,2
-0.9100000113248825,-0.19999998807907104,0.2799999713897705,2
-0.9100000113248825,-0.1899999976158142,0.2799999713897705,2
-0.9100000113248825,-0.19999998807907104,0.26999998092651367,2
-0.9100000113248825,-0.1899999976158142,0.2799999713897705,2
-0.9100000113248825,-0.19999998807907104,0.28999996185302734,2
-0.9299999922513962,-0.1899999976158142,0.28999996185302734,2
-0.9000000208616257,-0.1799999475479126,0.3099999725818634,2
-0.939999982714653,-0.1899999976158142,0.26999998092651367,2
-0.9100000113248825,-0.1899999976158142,0.28999996185302734,2
-0.9200000017881393,-0.19999998807907104,0.25999996066093445,2
-0.9100000113248825,-0.22999995946884155,0.23999997973442078,2
-0.8900000303983688,-0.22999995946884155,0.21999996900558472,2
-0.8900000303983688,-0.22999995946884155,0.20999997854232788,2
-0.9100000113248825,-0.22999995946884155,0.20999997854232788,2
-0.9100000113248825,-0.20999997854232788,0.17999997735023499,2
-0.9000000208616257,-0.22999995946884155,0.19999998807907104,2
-0.9100000113248825,-0.2399999499320984,0.19999998807907104,2
-0.9100000113248825,-0.25,0.19999998807907104,2
-0.9000000208616257,-0.2399999499320984,0.20999997854232788,2
-0.8900000303983688,-0.21999996900558472,0.18999996781349182,2
-0.8900000303983688,-0.25,0.17999997735023499,2
-0.8900000303983688,-0.21999996900558472,0.18999996781349182,2
-0.9200000017881393,-0.21999996900558472,0.21999996900558472,2
-0.9100000113248825,-0.22999995946884155,0.20999997854232788,2
-0.9100000113248825,-0.2399999499320984,0.20999997854232788,2
-0.9000000208616257,-0.22999995946884155,0.20999997854232788,2
-0.9000000208616257,-0.22999995946884155,0.21999996900558472,2
-0.9100000113248825,-0.22999995946884155,0.20999997854232788,2
-0.9100000113248825,-0.21999996900558472,0.21999996900558472,2
-0.9100000113248825,-0.22999995946884155,0.21999996900558472,2
-0.9100000113248825,-0.2399999499320984,0.21999996900558472,2
-0.9000000208616257,-0.22999995946884155,0.22999995946884155,2
-0.9000000208616257,-0.21999996900558472,0.22999995946884155,2
-0.9100000113248825,-0.25,0.21999996900558472,2
-0.9000000208616257,-0.2399999499320984,0.19999998807907104,2
-0.9100000113248825,-0.22999995946884155,0.21999996900558472,2
-0.9000000208616257,-0.16999995708465576,0.25999996066093445,2
-0.9100000113248825,-0.22999995946884155,0.2499999701976776,2
-0.9100000113248825,-0.22999995946884155,0.26999998092651367,2
-0.9200000017881393,-0.20999997854232788,0.2799999713897705,2
-0.9299999922513962,-0.20999997854232788,0.26999998092651367,2
-0.9299999922513962,-0.20999997854232788,0.25999996066093445,2
-0.9200000017881393,-0.20999997854232788,0.26999998092651367,2
-0.9200000017881393,-0.20999997854232788,0.26999998092651367,2
-0.9200000017881393,-0.20999997854232788,0.28999996185302734,2
-0.9299999922513962,-0.19999998807907104,0.26999998092651367,2
-0.9200000017881393,-0.20999997854232788,0.28999996185302734,2
-0.9200000017881393,-0.1899999976158142,0.29999998211860657,2
-0.9200000017881393,-0.19999998807907104,0.29999998211860657,2
-0.9200000017881393,-0.19999998807907104,0.28999996185302734,2
-0.9200000017881393,-0.20999997854232788,0.3099999725818634,2
-0.9299999922513962,-0.19999998807907104,0.29999998211860657,2
-0.9299999922513962,-0.1899999976158142,0.3099999725818634,2
-0.9200000017881393,-0.19999998807907104,0.3099999725818634,2
-0.939999982714653,-0.21999996900558472,0.28999996185302734,2
-0.8799999803304672,-0.12999999523162842,0.22999995946884155,2
-0.9200000017881393,-0.15999996662139893,0.3399999737739563,2
-0.939999982714653,-0.2399999499320984,0.23999997973442078,2
-0.9200000017881393,-0.1899999976158142,0.25999996066093445,2
-0.8699999898672104,-0.16999995708465576,0.28999996185302734,2
-0.8799999803304672,-0.19999998807907104,0.20999997854232788,2
-0.9000000208616257,-0.13999998569488525,0.2499999701976776,2
-0.8699999898672104,-0.1199999451637268,0.23999997973442078,2
-0.939999982714653,-0.1499999761581421,0.21999996900558472,2
-1.0099999755620956,-0.1199999451637268,0.1499999761581421,2
-0.8799999803304672,-0.25999999046325684,0.25999996066093445,2
-0.510000005364418,-0.19999998807907104,0.25999996066093445,2
-0.6499999910593033,-0.06999999284744263,0.009999990463256836,2
-0.739999994635582,-0.039999961853027344,0.18999996781349182,2
-0.9499999731779099,-0.029999971389770508,0.09999996423721313,2
-0.830000028014183,-0.22999995946884155,0.20999997854232788,2
-0.9000000208616257,-0.1199999451637268,0.20999997854232788,2
-0.8699999898672104,-0.12999999523162842,0.19999998807907104,2
-0.9100000113248825,-0.1799999475479126,0.2499999701976776,2
-0.8599999994039536,-0.15999996662139893,0.2499999701976776,2
-0.9100000113248825,-0.1799999475479126,0.26999998092651367,2
-0.8900000303983688,-0.20999997854232788,0.26999998092651367,2
-0.9100000113248825,-0.22999995946884155,0.20999997854232788,2
-0.9000000208616257,-0.19999998807907104,0.22999995946884155,2
-0.8900000303983688,-0.21999996900558472,0.20999997854232788,2
-0.8599999994039536,-0.1899999976158142,0.22999995946884155,2
-0.8699999898672104,-0.21999996900558472,0.16999998688697815,2
-0.8599999994039536,-0.1899999976158142,0.17999997735023499,2
-0.8799999803304672,-0.21999996900558472,0.18999996781349182,4
-0.8900000303983688,-0.22999995946884155,0.17999997735023499,4
-0.8900000303983688,-0.22999995946884155,0.19999998807907104,4
-0.9000000208616257,-0.22999995946884155,0.19999998807907104,4
-0.8799999803304672,-0.1899999976158142,0.21999996900558472,4
-0.8900000303983688,-0.22999995946884155,0.19999998807907104,4
-0.9100000113248825,-0.20999997854232788,0.21999996900558472,4
-0.9000000208616257,-0.25999999046325684,0.18999996781349182,4
-0.9299999922513962,-0.19999998807907104,0.17999997735023499,4
-0.9000000208616257,-0.21999996900558472,0.20999997854232788,4
-0.8799999803304672,-0.22999995946884155,0.21999996900558472,4
-0.8900000303983688,-0.25,0.21999996900558472,4
-0.8799999803304672,-0.22999995946884155,0.20999997854232788,4
-0.8900000303983688,-0.1499999761581421,0.18999996781349182,4
-0.8699999898672104,-0.1499999761581421,0.19999998807907104,4
-0.830000028014183,-0.3399999737739563,0.2799999713897705,4
-0.830000028014183,0.09000003337860107,0.26999998092651367,4
-0.9100000113248825,0.11000001430511475,0.2499999701976776,4
-0.6499999910593033,-0.1199999451637268,0.2499999701976776,4
-0.510000005364418,-0.019999980926513672,0.16999998688697815,4
-0.3799999952316284,0.08000004291534424,0.22999995946884155,4
-0.3700000047683716,0.09000003337860107,0.22999995946884155,4
-0.32999999821186066,0.4200000762939453,0.2799999713897705,4
-0.019999995827674866,0.010000050067901611,0.5599999744445086,4
-0.2200000025331974,0.2200000286102295,0.5899999737739563,4
-0.07999999821186066,0.3700000047683716,0.4599999785423279,4
-0.23000000044703484,0.25999999046325684,0.32999998331069946,4
-0.13000000268220901,-0.44999995827674866,0.31999996304512024,4
-0.11000000312924385,0.7300000190734863,0.20999997854232788,4
-0.019999995827674866,0.24000000953674316,0.34999997913837433,4
0.0,0.24000000953674316,0.4699999764561653,4
0.04999999701976776,0.1600000262260437,0.4899999722838402,4
0.07999999821186066,0.24000000953674316,0.3699999749660492,4
-0.17000000178813934,0.2900000810623169,0.28999996185302734,4
-0.13000000268220901,0.1300000548362732,0.19999998807907104,4
-0.17000000178813934,-0.1799999475479126,0.1499999761581421,4
-0.040000006556510925,0.4700000286102295,0.17999997735023499,4
-0.040000006556510925,0.11000001430511475,0.35999996960163116,4
-0.07999999821186066,0.24000000953674316,0.34999997913837433,4
0.03999999165534973,0.050000011920928955,0.5699999742209911,4
-0.15000000223517418,0.31000006198883057,0.25999996066093445,4
-0.12000000104308128,0.21000003814697266,0.31999996304512024,4
-0.1900000013411045,0.0,0.31999996304512024,4
-0.2200000025331974,0.5500000715255737,0.549999974668026,4
0.20999999344348907,0.050000011920928955,0.429999977350235,4
-0.13000000268220901,0.2799999713897705,0.19999998807907104,4
-0.12000000104308128,0.12000000476837158,0.2799999713897705,4
0.01000000536441803,-0.019999980926513672,0.17999997735023499,4
0.0,0.21000003814697266,0.1499999761581421,4
-0.07999999821186066,0.21000003814697266,0.44999997317790985,4
-0.07999999821186066,0.17000001668930054,0.34999997913837433,4
0.35999996960163116,0.14000004529953003,0.06000000238418579,4
-0.13000000268220901,-0.059999942779541016,0.04999995231628418,4
-0.030000001192092896,0.30000007152557373,0.10999998450279236,4
0.23000000417232513,0.0,0.19999998807907104,4
0.030000001192092896,0.10000002384185791,0.34999997913837433,4
0.01000000536441803,0.09000003337860107,0.3999999761581421,4
-0.13000000268220901,0.21000003814697266,-0.08000004291534424,4
0.06000000238418579,-0.1799999475479126,0.16999998688697815,4
-0.29999999701976776,-0.12999999523162842,-0.1300000548362732,4
-0.12000000104308128,0.050000011920928955,0.12999996542930603,4
-0.030000001192092896,0.1600000262260437,0.3099999725818634,4
-0.15000000223517418,0.10000002384185791,0.21999996900558472,4
-0.3799999952316284,0.21000003814697266,0.09999996423721313,4
0.08999998867511749,-0.09999996423721313,0.12999996542930603,4
-0.3500000089406967,-0.20999997854232788,0.04999995231628418,4
-0.24000000208616257,0.21000003814697266,0.2499999701976776,4
-0.019999995827674866,0.0,0.3799999803304672,4
-0.1400000024586916,0.010000050067901611,0.06999999284744263,4
-0.24000000208616257,0.25,-0.30000001192092896,4
0.23000000417232513,-0.6099999696016312,0.23999997973442078,4
-1.6700000017881393,0.6600000858306885,-0.7900000214576721,4
-1.040000006556511,-0.7399999722838402,-0.8500000834465027,4
-0.510000005364418,-1.7299999594688416,1.4199999570846558,4
1.2499999552965164,0.21000003814697266,0.35999996960163116,4
-0.8199999779462814,-0.1899999976158142,-3.009999930858612,4
0.03999999165534973,0.4500000476837158,0.19999998807907104,4
0.11999998986721039,-0.1899999976158142,0.35999996960163116,4
-0.3700000047683716,-0.059999942779541016,0.17999997735023499,4
-0.12000000104308128,0.46000003814697266,0.3399999737739563,4
0.2900000065565109,0.14000004529953003,0.47999997437000275,4
0.0,-0.029999971389770508,0.5999999735504389,4
-0.17000000178813934,-0.059999942779541016,0.429999977350235,4
-0.23000000044703484,0.5,0.3099999725818634,4
0.3200000077486038,0.06000000238418579,0.3399999737739563,4
-0.07999999821186066,-0.0899999737739563,0.29999998211860657,4
-0.2000000011175871,0.3400000333786011,0.17999997735023499,4
0.20999999344348907,0.18000000715255737,0.619999973103404,4
0.2799999862909317,0.010000050067901611,0.8199999779462814,4
0.2499999850988388,-0.039999961853027344,0.4899999722838402,4
-0.3200000077486038,0.2900000810623169,-0.5799999833106995,1
-0.28999999910593033,0.010000050067901611,0.8199999779462814,1
-0.5700000077486038,0.49000000953674316,0.47999997437000275,1
-0.4099999964237213,-0.16999995708465576,0.38999997079372406,1
-0.5899999886751175,-0.44999995827674866,0.5299999751150608,1
-0.9000000208616257,0.8100000619888306,0.5699999742209911,1
-0.4599999934434891,-0.38999998569488525,0.9699999690055847,1
-0.6000000089406967,0.5199999809265137,0.9399999678134918,1
-0.35999999940395355,0.11000001430511475,0.7999999672174454,1
-0.4099999964237213,0.19000005722045898,0.6999999731779099,1
-0.4299999922513962,0.17000001668930054,0.7399999797344208,1
-0.42000000178813934,0.20000004768371582,0.7199999690055847,1
-0.4099999964237213,0.1600000262260437,0.6999999731779099,1
-0.4299999922513962,0.1600000262260437,0.7199999690055847,1
-0.3799999952316284,0.19000005722045898,0.7499999701976776,1
-0.3799999952316284,0.21000003814697266,0.7499999701976776,1
-0.32999999821186066,0.19000005722045898,0.7499999701976776,1
-0.3500000089406967,0.20000004768371582,0.7499999701976776,1
-0.3500000089406967,0.20000004768371582,0.7299999743700027,1
-0.32999999821186066,0.20000004768371582,0.7799999713897705,1
-0.32999999821186066,0.19000005722045898,0.7299999743700027,1
-0.3500000089406967,0.19000005722045898,0.6899999752640724,1
-0.32999999821186066,0.21000003814697266,0.7099999710917473,1
-0.3100000023841858,0.19000005722045898,0.669999971985817,1
-0.29999999701976776,0.20000004768371582,0.6899999752640724,1
-0.29999999701976776,0.21000003814697266,0.6999999731779099,1
-0.3100000023841858,0.20000004768371582,0.6599999740719795,1
-0.3100000023841858,0.20000004768371582,0.6499999724328518,1
-0.29999999701976776,0.21000003814697266,0.669999971985817,1
-0.29999999701976776,0.20000004768371582,0.6499999724328518,1
-0.28999999910593033,0.21000003814697266,0.679999977350235,1
-0.29999999701976776,0.21000003814697266,0.679999977350235,1
-0.29999999701976776,0.21000003814697266,0.6999999731779099,1
-0.29999999701976776,0.19000005722045898,0.6999999731779099,1
-0.29999999701976776,0.20000004768371582,0.7599999755620956,1
-0.29999999701976776,0.21000003814697266,0.7999999672174454,1
-0.28999999910593033,0.20000004768371582,0.7499999701976776,1
-0.29999999701976776,0.21000003814697266,0.7099999710917473,1
-0.28999999910593033,0.21000003814697266,0.679999977350235,1
-0.3100000023841858,0.20000004768371582,0.6499999724328518,1
-0.29999999701976776,0.21000003814697266,0.619999973103404,1
-0.29999999701976776,0.21000003814697266,0.6099999733269215,1
-0.2800000011920929,0.20000004768371582,0.5999999735504389,1
-0.27000000327825546,0.20000004768371582,0.5999999735504389,1
-0.27000000327825546,0.20000004768371582,0.5899999737739563,1
-0.3100000023841858,0.21000003814697266,0.5699999742209911,1
-0.27000000327825546,0.21000003814697266,0.5899999737739563,1
-0.27000000327825546,0.21000003814697266,0.5899999737739563,1
-0.27000000327825546,0.21000003814697266,0.5899999737739563,1
-0.26000000536441803,0.21000003814697266,0.5899999737739563,1
-0.26000000536441803,0.21000003814697266,0.5899999737739563,1
-0.26000000536441803,0.21000003814697266,0.5899999737739563,1
-0.27000000327825546,0.21000003814697266,0.5899999737739563,1
-0.26000000536441803,0.21000003814697266,0.5899999737739563,1
-0.26000000536441803,0.21000003814697266,0.5899999737739563,1
-0.26000000536441803,0.2200000286102295,0.5899999737739563,1
-0.26000000536441803,0.21000003814697266,0.5899999737739563,1
-0.26000000536441803,0.21000003814697266,0.5899999737739563,1
-0.26000000536441803,0.2200000286102295,0.5899999737739563,1
-0.26000000536441803,0.21000003814697266,0.5899999737739563,1
-0.25,0.21000003814697266,0.5899999737739563,1
-0.25,0.2200000286102295,0.5899999737739563,1
-0.25,0.21000003814697266,0.5899999737739563,1
-0.25,0.21000003814697266,0.5899999737739563,1
-0.25,0.21000003814697266,0.5899999737739563,1
-0.24000000208616257,0.2200000286102295,0.6099999733269215,1
-0.25,0.21000003814697266,0.5899999737739563,1
-0.25,0.2200000286102295,0.5899999737739563,1
-0.25,0.21000003814697266,0.5899999737739563,1
-0.25,0.21000003814697266,0.5899999737739563,1
-0.25,0.21000003814697266,0.5899999737739563,1
-0.25,0.21000003814697266,0.5899999737739563,1
-0.25,0.21000003814697266,0.5899999737739563,1
-0.24000000208616257,0.21000003814697266,0.5899999737739563,1
-0.25,0.21000003814697266,0.5899999737739563,1
-0.25,0.21000003814697266,0.5899999737739563,1
-0.25,0.21000003814697266,0.5899999737739563,1
-0.25,0.21000003814697266,0.5899999737739563,1
-0.24000000208616257,0.21000003814697266,0.5899999737739563,1
-0.24000000208616257,0.2200000286102295,0.5999999735504389,1
-0.25,0.2200000286102295,0.5899999737739563,1
-0.24000000208616257,0.2200000286102295,0.5899999737739563,1
-0.24000000208616257,0.21000003814697266,0.5899999737739563,1
-0.24000000208616257,0.2200000286102295,0.5899999737739563,1
-0.24000000208616257,0.2200000286102295,0.5899999737739563,1
-0.24000000208616257,0.21000003814697266,0.5899999737739563,1
-0.24000000208616257,0.2200000286102295,0.5899999737739563,1
-0.24000000208616257,0.2200000286102295,0.5899999737739563,1
-0.24000000208616257,0.2200000286102295,0.5799999739974737,1
-0.25,0.21000003814697266,0.5799999739974737,1
-0.24000000208616257,0.21000003814697266,0.5899999737739563,1
-0.24000000208616257,0.21000003814697266,0.5899999737739563,1
-0.24000000208616257,0.21000003814697266,0.5799999739974737,1
-0.24000000208616257,0.21000003814697266,0.5799999739974737,1
-0.24000000208616257,0.21000003814697266,0.5699999742209911,1
-0.24000000208616257,0.2200000286102295,0.5799999739974737,1
-0.24000000208616257,0.21000003814697266,0.5899999737739563,1
-0.24000000208616257,0.21000003814697266,0.5899999737739563,1
-0.23000000044703484,0.21000003814697266,0.5999999735504389,1
-0.24000000208616257,0.2200000286102295,0.5899999737739563,1
-0.25,0.14000004529953003,0.47999997437000275,1
-0.21000000089406967,0.21000003814697266,0.6099999733269215,1
-0.18000000156462193,0.20000004768371582,0.7099999710917473,1
-0.2000000011175871,0.23000001907348633,0.7699999809265137,1
-0.25,0.2200000286102295,0.7099999710917473,1
-0.26000000536441803,0.23000001907348633,0.619999973103404,1
-0.26000000536441803,0.20000004768371582,0.5899999737739563,1
-0.24000000208616257,0.21000003814697266,0.5999999735504389,1
-0.25,0.21000003814697266,0.5899999737739563,1
-0.25,0.21000003814697266,0.5899999737739563,1
-0.24000000208616257,0.21000003814697266,0.5899999737739563,1
-0.25,0.21000003814697266,0.5899999737739563,1
-0.24000000208616257,0.21000003814697266,0.5899999737739563,1
-0.24000000208616257,0.21000003814697266,0.5899999737739563,1
-0.24000000208616257,0.21000003814697266,0.5899999737739563,1
-0.24000000208616257,0.2200000286102295,0.5999999735504389,1
-0.24000000208616257,0.21000003814697266,0.5899999737739563,1
-0.24000000208616257,0.21000003814697266,0.5899999737739563,1
-0.24000000208616257,0.2200000286102295,0.5899999737739563,1
-0.24000000208616257,0.2200000286102295,0.5899999737739563,1
-0.24000000208616257,0.2200000286102295,0.5899999737739563,1
-0.24000000208616257,0.21000003814697266,0.5899999737739563,1
-0.24000000208616257,0.2200000286102295,0.5999999735504389,1
-0.23000000044703484,0.2200000286102295,0.6099999733269215,1
-0.23000000044703484,0.21000003814697266,0.5999999735504389,1
-0.24000000208616257,0.21000003814697266,0.5999999735504389,1
-0.23000000044703484,0.21000003814697266,0.5999999735504389,1
-0.23000000044703484,0.2200000286102295,0.6099999733269215,1
-0.23000000044703484,0.21000003814697266,0.5999999735504389,1
-0.23000000044703484,0.2200000286102295,0.5899999737739563,1
-0.23000000044703484,0.21000003814697266,0.5899999737739563,1
-0.23000000044703484,0.2200000286102295,0.5899999737739563,1
-0.23000000044703484,0.2200000286102295,0.5899999737739563,1
-0.24000000208616257,0.21000003814697266,0.5999999735504389,1
-0.23000000044703484,0.21000003814697266,0.5999999735504389,1
-0.2200000025331974,0.2200000286102295,0.5999999735504389,1
-0.23000000044703484,0.2200000286102295,0.5999999735504389,1
-0.23000000044703484,0.21000003814697266,0.5999999735504389,1
-0.23000000044703484,0.2200000286102295,0.5999999735504389,1
-0.23000000044703484,0.21000003814697266,0.5899999737739563,1
-0.23000000044703484,0.21000003814697266,0.5999999735504389,1
-0.23000000044703484,0.21000003814697266,0.5999999735504389,1
-0.23000000044703484,0.21000003814697266,0.5899999737739563,1
-0.23000000044703484,0.2200000286102295,0.5899999737739563,1
-0.23000000044703484,0.2200000286102295,0.5899999737739563,1
-0.23000000044703484,0.21000003814697266,0.5999999735504389,1
-0.23000000044703484,0.21000003814697266,0.5999999735504389,1
-0.23000000044703484,0.21000003814697266,0.5999999735504389,1
-0.23000000044703484,0.21000003814697266,0.5899999737739563,1
-0.23000000044703484,0.2200000286102295,0.5899999737739563,1
-0.23000000044703484,0.21000003814697266,0.5899999737739563,1
-0.23000000044703484,0.21000003814697266,0.5899999737739563,1
-0.23000000044703484,0.2200000286102295,0.5899999737739563,1
-0.23000000044703484,0.2200000286102295,0.5999999735504389,1
-0.24000000208616257,0.25999999046325684,0.669999971985817,1
-0.2200000025331974,0.17000001668930054,0.5599999744445086,1
-0.15000000223517418,0.21000003814697266,0.7799999713897705,1
-0.2000000011175871,0.26999998092651367,0.8199999779462814,1
-0.27000000327825546,0.2200000286102295,0.6599999740719795,1
-0.24000000208616257,0.2200000286102295,0.5899999737739563,1
-0.25,0.21000003814697266,0.549999974668026,1
-0.24000000208616257,0.2200000286102295,0.5799999739974737,1
-0.24000000208616257,0.2200000286102295,0.5699999742209911,1
-0.24000000208616257,0.21000003814697266,0.549999974668026,1
-0.24000000208616257,0.21000003814697266,0.5599999744445086,1
-0.23000000044703484,0.2200000286102295,0.5599999744445086,1
-0.23000000044703484,0.2200000286102295,0.5599999744445086,1
-0.23000000044703484,0.21000003814697266,0.5599999744445086,1
-0.23000000044703484,0.2200000286102295,0.5599999744445086,1
-0.2200000025331974,0.2200000286102295,0.5599999744445086,1
-0.23000000044703484,0.2200000286102295,0.549999974668026,1
-0.23000000044703484,0.2200000286102295,0.5599999744445086,1
-0.2200000025331974,0.2200000286102295,0.549999974668026,1
-0.2200000025331974,0.2200000286102295,0.549999974668026,1
-0.23000000044703484,0.2200000286102295,0.549999974668026,1
-0.2200000025331974,0.2200000286102295,0.549999974668026,1
-0.2200000025331974,0.21000003814697266,0.549999974668026,1
-0.2200000025331974,0.21000003814697266,0.549999974668026,1
-0.2200000025331974,0.21000003814697266,0.5399999730288982,1
-0.23000000044703484,0.21000003814697266,0.5399999730288982,1
-0.2200000025331974,0.2200000286102295,0.5399999730288982,1
-0.2200000025331974,0.21000003814697266,0.549999974668026,1
-0.2200000025331974,0.21000003814697266,0.549999974668026,1
-0.2200000025331974,0.21000003814697266,0.549999974668026,1
-0.2200000025331974,0.2200000286102295,0.549999974668026,1
-0.2200000025331974,0.2200000286102295,0.549999974668026,1
-0.2200000025331974,0.21000003814697266,0.549999974668026,1
-0.2200000025331974,0.2200000286102295,0.5399999730288982,1
-0.2200000025331974,0.21000003814697266,0.5399999730288982,1
-0.2200000025331974,0.21000003814697266,0.5399999730288982,1
-0.2200000025331974,0.21000003814697266,0.5399999730288982,1
-0.2200000025331974,0.21000003814697266,0.549999974668026,1
-0.2200000025331974,0.21000003814697266,0.5399999730288982,1
-0.2200000025331974,0.2200000286102295,0.5399999730288982,1
-0.2200000025331974,0.2200000286102295,0.5399999730288982,1
-0.21000000089406967,0.21000003814697266,0.5399999730288982,1
-0.21000000089406967,0.2200000286102295,0.549999974668026,1
-0.21000000089406967,0.21000003814697266,0.549999974668026,1
-0.2200000025331974,0.2200000286102295,0.549999974668026,1
-0.2200000025331974,0.21000003814697266,0.5399999730288982,1
-0.2200000025331974,0.2200000286102295,0.5399999730288982,1
-0.2200000025331974,0.21000003814697266,0.5399999730288982,1
-0.2200000025331974,0.2200000286102295,0.5399999730288982,1
-0.2200000025331974,0.2200000286102295,0.5399999730288982,1
-0.2200000025331974,0.2200000286102295,0.5399999730288982,1
-0.2200000025331974,0.2200000286102295,0.5399999730288982,1
-0.2200000025331974,0.21000003814697266,0.5399999730288982,1
-0.21000000089406967,0.2200000286102295,0.549999974668026,1
-0.2200000025331974,0.2200000286102295,0.5399999730288982,1
-0.2200000025331974,0.21000003814697266,0.5399999730288982,1
-0.2200000025331974,0.2200000286102295,0.5399999730288982,1
-0.21000000089406967,0.2200000286102295,0.5399999730288982,1
-0.2200000025331974,0.21000003814697266,0.5399999730288982,1
-0.21000000089406967,0.2200000286102295,0.5399999730288982,1
-0.2200000025331974,0.21000003814697266,0.5399999730288982,1
-0.2200000025331974,0.2200000286102295,0.5399999730288982,1
-0.21000000089406967,0.21000003814697266,0.5399999730288982,1
-0.21000000089406967,0.21000003814697266,0.5399999730288982,1
-0.2200000025331974,0.21000003814697266,0.5399999730288982,1
-0.21000000089406967,0.2200000286102295,0.5399999730288982,1
-0.2200000025331974,0.20000004768371582,0.549999974668026,1
-0.21000000089406967,0.21000003814697266,0.549999974668026,1
-0.21000000089406967,0.2200000286102295,0.5399999730288982,1
-0.21000000089406967,0.2200000286102295,0.549999974668026,1
-0.21000000089406967,0.21000003814697266,0.5399999730288982,1
-0.21000000089406967,0.21000003814697266,0.5399999730288982,1
-0.21000000089406967,0.21000003814697266,0.5399999730288982,1
-0.21000000089406967,0.21000003814697266,0.5399999730288982,1
-0.21000000089406967,0.21000003814697266,0.5399999730288982,1
-0.21000000089406967,0.2200000286102295,0.5399999730288982,1
-0.21000000089406967,0.2200000286102295,0.549999974668026,1
-0.2000000011175871,0.2200000286102295,0.5399999730288982,1
-0.21000000089406967,0.2200000286102295,0.549999974668026,1
-0.21000000089406967,0.2200000286102295,0.5399999730288982,1
-0.21000000089406967,0.21000003814697266,0.5399999730288982,1
-0.21000000089406967,0.21000003814697266,0.5399999730288982,1
-0.21000000089406967,0.21000003814697266,0.5399999730288982,1
-0.21000000089406967,0.21000003814697266,0.5299999751150608,1
-0.2200000025331974,0.21000003814697266,0.5299999751150608,1
-0.21000000089406967,0.21000003814697266,0.5299999751150608,1
-0.21000000089406967,0.21000003814697266,0.5399999730288982,1
-0.21000000089406967,0.2200000286102295,0.5399999730288982,1
-0.21000000089406967,0.21000003814697266,0.5299999751150608,1
-0.21000000089406967,0.21000003814697266,0.5399999730288982,1
-0.21000000089406967,0.21000003814697266,0.5199999734759331,1
-0.21000000089406967,0.21000003814697266,0.5199999734759331,1
-0.21000000089406967,0.21000003814697266,0.5299999751150608,1
-0.21000000089406967,0.21000003814697266,0.5399999730288982,1
-0.21000000089406967,0.21000003814697266,0.5399999730288982,1
-0.21000000089406967,0.21000003814697266,0.5399999730288982,1
-0.21000000089406967,0.21000003814697266,0.5399999730288982,1
-0.21000000089406967,0.2200000286102295,0.5399999730288982,1
-0.21000000089406967,0.21000003814697266,0.5399999730288982,1
-0.21000000089406967,0.21000003814697266,0.5399999730288982,1
-0.21000000089406967,0.21000003814697266,0.5199999734759331,1
-0.21000000089406967,0.2200000286102295,0.5199999734759331,1
-0.2200000025331974,0.21000003814697266,0.5199999734759331,1
-0.21000000089406967,0.2200000286102295,0.5299999751150608,1
-0.21000000089406967,0.21000003814697266,0.5299999751150608,1
-0.21000000089406967,0.2200000286102295,0.5299999751150608,1
-0.21000000089406967,0.2200000286102295,0.5299999751150608,1
-0.21000000089406967,0.21000003814697266,0.5299999751150608,1
-0.21000000089406967,0.21000003814697266,0.5299999751150608,1
-0.21000000089406967,0.21000003814697266,0.5199999734759331,1
-0.21000000089406967,0.2200000286102295,0.5299999751150608,1
-0.21000000089406967,0.21000003814697266,0.5299999751150608,1
-0.21000000089406967,0.2200000286102295,0.5299999751150608,1
-0.21000000089406967,0.2200000286102295,0.5299999751150608,1
-0.21000000089406967,0.21000003814697266,0.5299999751150608,1
-0.21000000089406967,0.21000003814697266,0.5299999751150608,1
-0.21000000089406967,0.21000003814697266,0.5299999751150608,1
-0.21000000089406967,0.21000003814697266,0.5299999751150608,1
-0.2000000011175871,0.21000003814697266,0.5399999730288982,1
-0.21000000089406967,0.21000003814697266,0.5299999751150608,1
-0.21000000089406967,0.21000003814697266,0.5399999730288982,1
-0.21000000089406967,0.2200000286102295,0.5399999730288982,1
-0.21000000089406967,0.21000003814697266,0.5399999730288982,1
-0.21000000089406967,0.21000003814697266,0.5399999730288982,1
-0.21000000089406967,0.21000003814697266,0.5399999730288982,1
-0.21000000089406967,0.21000003814697266,0.5299999751150608,1
-0.21000000089406967,0.2200000286102295,0.5199999734759331,1
-0.21000000089406967,0.21000003814697266,0.5299999751150608,1
-0.21000000089406967,0.21000003814697266,0.5299999751150608,1
-0.21000000089406967,0.21000003814697266,0.5399999730288982,1
-0.21000000089406967,0.21000003814697266,0.5299999751150608,1
-0.2000000011175871,0.21000003814697266,0.5299999751150608,1
-0.21000000089406967,0.21000003814697266,0.5399999730288982,1
-0.2000000011175871,0.21000003814697266,0.5399999730288982,1
-0.2000000011175871,0.21000003814697266,0.5399999730288982,1
-0.2000000011175871,0.20000004768371582,0.5399999730288982,1
-0.21000000089406967,0.21000003814697266,0.5299999751150608,1
-0.2000000011175871,0.21000003814697266,0.5299999751150608,1
-0.21000000089406967,0.21000003814697266,0.5399999730288982,1
-0.21000000089406967,0.21000003814697266,0.5299999751150608,1
-0.2000000011175871,0.21000003814697266,0.5399999730288982,1
-0.2000000011175871,0.21000003814697266,0.549999974668026,1
-0.2000000011175871,0.21000003814697266,0.549999974668026,1
-0.21000000089406967,0.2200000286102295,0.5399999730288982,1
-0.21000000089406967,0.21000003814697266,0.5299999751150608,1
-0.21000000089406967,0.21000003814697266,0.5399999730288982,1
-0.21000000089406967,0.2200000286102295,0.5399999730288982,1
-0.21000000089406967,0.21000003814697266,0.5399999730288982,1
-0.2000000011175871,0.21000003814697266,0.5299999751150608,1
-0.21000000089406967,0.2200000286102295,0.5299999751150608,1
-0.21000000089406967,0.21000003814697266,0.5299999751150608,1
-0.21000000089406967,0.2200000286102295,0.5199999734759331,1
-0.21000000089406967,0.2200000286102295,0.5299999751150608,1
-0.2000000011175871,0.21000003814697266,0.5299999751150608,1
-0.21000000089406967,0.2200000286102295,0.5299999751150608,1
-0.21000000089406967,0.2200000286102295,0.5299999751150608,1
-0.2000000011175871,0.2200000286102295,0.5299999751150608,1
-0.21000000089406967,0.21000003814697266,0.5299999751150608,1
-0.2000000011175871,0.21000003814697266,0.5299999751150608,1
-0.21000000089406967,0.21000003814697266,0.5199999734759331,1
-0.21000000089406967,0.21000003814697266,0.5199999734759331,1
-0.21000000089406967,0.21000003814697266,0.5199999734759331,1
-0.2000000011175871,0.21000003814697266,0.5299999751150608,1
-0.21000000089406967,0.21000003814697266,0.5299999751150608,1
-0.21000000089406967,0.21000003814697266,0.5299999751150608,1
-0.21000000089406967,0.2200000286102295,0.5299999751150608,1
-0.21000000089406967,0.21000003814697266,0.5299999751150608,1
-0.2000000011175871,0.21000003814697266,0.5299999751150608,1
-0.21000000089406967,0.2200000286102295,0.5299999751150608,1
-0.21000000089406967,0.21000003814697266,0.5299999751150608,1
-0.21000000089406967,0.21000003814697266,0.5299999751150608,1
-0.21000000089406967,0.21000003814697266,0.5299999751150608,1
-0.21000000089406967,0.2200000286102295,0.5399999730288982,1
-0.21000000089406967,0.21000003814697266,0.5399999730288982,1
-0.21000000089406967,0.21000003814697266,0.5399999730288982,1
-0.21000000089406967,0.21000003814697266,0.5399999730288982,1
-0.2000000011175871,0.2200000286102295,0.5399999730288982,1
-0.2000000011175871,0.21000003814697266,0.549999974668026,1
-0.2000000011175871,0.2200000286102295,0.5399999730288982,1
-0.21000000089406967,0.21000003814697266,0.5299999751150608,1
-0.21000000089406967,0.2200000286102295,0.5299999751150608,1
-0.21000000089406967,0.21000003814697266,0.5299999751150608,1
-0.21000000089406967,0.21000003814697266,0.5299999751150608,1
-0.2000000011175871,0.21000003814697266,0.5299999751150608,1
-0.21000000089406967,0.21000003814697266,0.5199999734759331,1
-0.21000000089406967,0.21000003814697266,0.5199999734759331,1
-0.2000000011175871,0.21000003814697266,0.5199999734759331,1
-0.21000000089406967,0.21000003814697266,0.5199999734759331,1
-0.21000000089406967,0.21000003814697266,0.5199999734759331,1
-0.2000000011175871,0.21000003814697266,0.5299999751150608,1
-0.21000000089406967,0.2200000286102295,0.5299999751150608,1
-0.2000000011175871,0.2200000286102295,0.5299999751150608,1
-0.2000000011175871,0.21000003814697266,0.5399999730288982,1
-0.21000000089406967,0.2200000286102295,0.5299999751150608,1
-0.21000000089406967,0.21000003814697266,0.5199999734759331,1
-0.21000000089406967,0.2200000286102295,0.5299999751150608,1
-0.21000000089406967,0.21000003814697266,0.5299999751150608,1
-0.2000000011175871,0.21000003814697266,0.5299999751150608,1
-0.21000000089406967,0.21000003814697266,0.5299999751150608,1
-0.2000000011175871,0.2200000286102295,0.5299999751150608,1
-0.2000000011175871,0.21000003814697266,0.5299999751150608,1
-0.2000000011175871,0.2200000286102295,0.5399999730288982,1
-0.2000000011175871,0.21000003814697266,0.5399999730288982,1
-0.2000000011175871,0.21000003814697266,0.5399999730288982,1
-0.21000000089406967,0.21000003814697266,0.5299999751150608,1
-0.2000000011175871,0.2200000286102295,0.5299999751150608,1
-0.2000000011175871,0.21000003814697266,0.5299999751150608,1
-0.2000000011175871,0.21000003814697266,0.5299999751150608,1
-0.2000000011175871,0.21000003814697266,0.5299999751150608,1
-0.2000000011175871,0.21000003814697266,0.5399999730288982,1
-0.2000000011175871,0.21000003814697266,0.5299999751150608,1
-0.2000000011175871,0.21000003814697266,0.5299999751150608,1
-0.21000000089406967,0.2200000286102295,0.5299999751150608,1
-0.2000000011175871,0.2200000286102295,0.5399999730288982,1
-0.2000000011175871,0.2200000286102295,0.5299999751150608,1
-0.21000000089406967,0.2200000286102295,0.5299999751150608,1
-0.2000000011175871,0.21000003814697266,0.5199999734759331,1
